key,offset,text,raw_hex,raw_bytes,category
bio_102073,0x102073,但終不是袁紹對手而敗北身亡,b3a672a742af5ea141aa65a55faababba8b1daa143a6adb4c1a759bb50bc42b3c6bcf4c3d1a141bc42b3c6a5e7b4bfa5f4a8e4b3a1b14ea143abe1a8d3b6d5a44fb376baa5c258a46aa141a6d3bb50b04bb2d0b9efa5dfa141a6fdb2d7a4a3ac4fb04bb2d0b9efa4e2a6d3b1d1a55fa8ada460a143,117,bio
bio_1020E9,0x1020E9,狹馬騰,71af55b0a8c4cb,7,bio
bio_1020F1,0x1020F1,但因玄德離去和西涼邊境亂事,a3ac4fa672b9d8a6a8a141b0a8b657aabaa4f7bfcba143b4bfa5f4a6e8b244a4d3a675a141b9efba7eb4c2a440aabdac4fa9bea4dfa4a3a447a143a54cb4bfa662b8b3a8f4a6baabe1a141bb50c1fab376c170a4e2a7f0a5b4a7f5d852a142b3a2a5c6a143abe1a8d3a453b1b5a8fcb8b3a9d3b14bb640a141b1fdc170a658bc42b3c6a558a74ca141b3f2b6cfb1e4bedea143a6fda65da5c8bc77c2f7a568a94da6e8b244c3e4b9d2b6c3a8c6a141a4a3b16fa477a6d3a740bd7da143abe1a8d3bb50b6c0a663b14bbfd1b774b1feb1e4bedea141a4a3a9afa8c6b8f1b1d1c553a141bb50a46cb0a8a5f0a94db0a8c54ba650aec9e266a952a143,251,bio
bio_1021ED,0x1021ED,董角,b8b3a8a442a95e,7,bio
bio_1021F8,0x1021F8,但後來即為其智慧和謀略而折服,b8beb0eaa657b14ea141b7edb8beb0eaa7f0a764b1fdb3f8c3f6a6d0a4a7a4b3aec9a141b9efa9f3a67ebbb4aabab3b0bbb9ab44b160c2e4b5f8a141a6fdabe1a8d3a759acb0a8e4b4bcbc7aa94dbfd1b2a4a6d3a7e9aa41a143,90,bio
bio_102259,0x102259,在與關羽作戰時兵敗投降,43abe1a672a4e5ab68a141b1e4bedeb3a1b14ea143a662b1e4bedeb9efb04bb2d0a740bed4aec9a141a5dfa455a4a3a4d6a55cb3d2a143a662bb50c3f6a6d0a740bed4aec9a74cb1d1a7ebadb0a143,79,bio
bio_1022AC,0x1022AC,王朗,a4fdaed4,4,bio
bio_1022B1,0x1022B1,後得到曹操的重視而轉投其帳下,57b14eb77cbd5da4d3a675a141be44a8fcae5db5a6a7f0c0bbaec9a5a2b1d1a143abe1b16fa8ecb1e4bedeaabaadabb5f8a6d3c2e0a7eba8e4b162a455a143,63,bio
bio_1022F9,0x1022F9,力諫馬要將軍隊駐紮於當道,4dbfd1a672a46ca7a1a141adeca8d3a662ba7ea4a4a141ac4fae7daeccaabaa4e2a455a141abe1a8d3a55ba44abc42b3c6aabab07dc0e7a143a5d1a9f3a8fca8ecbdd1b8afab47aababeb9adaba141a6d3bb50b0a8eea2a650a675b5f3ab46a143a44fbfcfb0a8ad6eb14ead78b6a4be6eb2cfa9f3b7edb944a141a4a3b351b1b5afc7b2d7a9f3b1d1b07da143,141,bio
bio_10238D,0x10238D,終於使呂布殺掉董卓,abe1b1ba7ea571ae7ba141a751a5ceb5b4a6e2acfca46bb649bc60a141a8cfb373c0f4ad70a141c2f7b6a1a766a5aca94db8b3a8f4a141b2d7a9f3a8cfa766a5acb1feb1bcb8b3a8f4a143,75,bio
bio_1023E1,0x1023E1,曾給予關羽正確良好的建言,bc42b3b06cc048c3f6a6d0a675aff0a67badaba661a143a662c351a764ad6eb373a4e2a7f0a8faaff0a67baec9a141b4bfb5b9a4a9c3f6a6d0a5bfbd54a87da66eaabaabd8a8a5a141a6fda5bcb351b1c4afc7a143a662b16faabec3f6a6d0a74cb1d1b351b1d9aec9a141bc59bcd3a6d3a6baa143,117,bio
bio_102457,0x102457,竣撣,b5a4e5b875,5,bio
bio_10245D,0x10245D,在曹操南下時投效曹操,a46bb6bc42aaedaabac2c2b3a1a141a662b1e4bedeab6ea455aec9a7ebaec4b1e4bedea143b4bfb867a662b1e4a541ba4db068aec9a141b4aeb1cfb1e4a541b06ba558a143,69,bio
bio_1024A9,0x1024A9,與顏良同為響噹噹的猛將,aff0a6b04bb2d0adcabfe0aabaa440a657a46ab14ea141bb50c343a87da650acb0c554beb4beb4aabab272b14ea143a6fda662a978b4e7a440bed4a4a4a141b351c3f6a6d0a9d2b1fea143,75,bio
bio_1024F5,0x1024F5,知瓣藗,aabec3a4f2cd6b,7,bio
bio_1024FD,0x1024FD,曹操因中計殺掉蔡瑁和張允,b1d1b3a672a7b5a5fda141b3afaf64a5ada543a448a141b1e4bedeaabaaa5ab14ea143a8aabec0a4a7bed4aec9a141b1e4bedea65da4a4ad70b1feb1bcbdb2b7e8a94db169a4b9a141abe1a7efaca3a4f2cd6bacb0a4f4ad78b3a3b7fea143,95,bio
bio_10255E,0x10255E,瓣孔融,c3a4a4d5bfc4,6,bio
bio_102565,0x102565,後來受袁譚攻擊而投靠曹操,f0a6b0a672a4e5c17ca141a5bbacb0a55faefca4d3a675a143a662b6c0a479b8e9a7f0a5b4abb0b070a141b16fbc42b3c6a4a7a755a6d3b8d1a8e4a64da143abe1a8d3a8fcb04bc3d3a7f0c0bba6d3a7ebbe61b1e4bedea141a6fda65dbfcfb1e4bedea6d3b351b1fea143,107,bio
bio_1025D9,0x1025D9,在曹洪與曹仁守吳郡,a143a8c351b0eab1e4a4afaabab3a1b14ea143a662b1e4ac78bb50b1e4a4afa675a764b070a141c255b3aeaec9a141a5b4c059b07db9efa7dcaa46a764a141b3ccabe1c1d9ac4fb1d1b5b9a950b7eca143,81,bio
bio_10262B,0x10262B,馬炎,a5a571b0a8aaa2,7,bio
bio_102633,0x102633,終於結束紛擾的三國亂世,a4a672a677a540a141c47ea9d3a4f7bfcba571b0a8ac4ca4a7bff2a7d3a141bf79a446c351a141abd8a5dfaecab4c2a141a8c3a75db7c0a764b0eaa141b2d7a9f3b5b2a7f4afc9c25aaabaa454b0eab6c3a540a141a440b2cea4d1a455a143,95,bio
bio_102693,0x102693,司馬昭,43a571b0a8ac4c,7,bio
bio_10269B,0x10269B,繼承將軍權位,a4a571b0a8ae76aabaa7cca7cca141a662a553aaf8a6baabe1a141c47ea9d3b14ead78c576a6eca143a5ada977a6e8b8bea141a8c3b351abcaacb0aecaa4fda143a8e4a448a66cb642b2a7b160a141a6b3a579b8dca7ceae65a147a175a571b0a8ac4ca4a7a4dfa141b8f4a448acd2aabea176a143,117,bio
bio_102711,0x102711,建司馬師,41abd8a571b0a8ae76,9,bio
bio_10271B,0x10271B,即掌控了魏國的實權,41a571b0a8c574aabaaaf8a86ba141a662a571b0a8c574a6baabe1a141a759b478b1b1a446c351b0eaaabab9eac576a141bc6fb1e4a141a6d3a5dfb1e4bbeca143abe1a8d3a6baa9f3b2b4af65b463a4c6a143,83,bio
bio_10276F,0x10276F,田豐,7ea5d0c2d7,5,bio
bio_102775,0x102775,又強力主張與曹操長期抗戰,78c576b04bb2d0aabab2c4a440b0d1bfd1a141b4bfabd8c4b3c5a7c0bbbc42b3c6a141a4a3b351b1c4afc7a146a453b16aa44fa544b169bb50b1e4bedeaaf8b4c1a7dcbed4a141b2d7a9f3c4b2abe3b04bb2d0a6d3a455babba141a662babba4a4bc7ec67ba6d3a6baa143,107,bio
bio_1027E9,0x1027E9,當他得知蔡瑁欲暗殺劉備時,e1a141a672bef7a742a141baebb371aa6babdfa141adecacb0bc42aaedaabab9f5b9b1a143bb50bc42b3c6acdbc3d1abe1a141a759a5f5bc7da8e4a4afc368a141b7eda54cb16faabebdb2b7e8b1fdb774b1febc42b3c6aec9a141a5dfa8e8a769aabebc42b3c6a141a8cfa54cb06bb94ca440a754a143a4a7abe1ab4bbbb2a6f5bc42b3c6a141b171a8c6b35ca668adabad6ea475a740a143,153,bio
bio_102889,0x102889,受孔明之命輔佐關羽治理荊州,a141a6bc42b3c6aabab9f5b9b1a141a8fca4d5a9faa4a7a952bbb2a6f5c3f6a6d0aa76b27aaff0a67ba143,43,bio
bio_1028BD,0x1028BD,諸葛亮曾在他的出師表讚美向寵才能,bc42aaa448aee6a4bda5bfa141ac4fbcf4c3d1ad78a8c6aabac075a871b14ea47ea143bdd1b8afab47b4bfa662a54caabaa558ae76aaedc667acfca656c364a47eafe0a143,69,bio
bio_102909,0x102909,孫權相當賞識他的膽識與謀略,b3c6a1a672a5f0bf70a141a764b0eaaabab3a1b14ea141a4e5aa5ac2f9a5fea143ae5dc576acdbb7edbde0c3d1a54caabac178c3d1bb50bfd1b2a4a141a662bea7b6b7a4a7bed4aec9a141bec4a44fc0bbbcecb1e4a4afb3a1b6a4a141a55cb3d2a4a3a470a143,103,bio
bio_102971,0x102971,人恩飪,a448aea6b6b96d,7,bio
bio_102979,0x102979,伐黃巾賊有功的忠臣之一,a141acb051a5efb6c0a479b8e9a6b3a55caabaa9bea6daa4a7a440a143b8b3a8f4a6baabe1a141b4bfa5f8b9cfc2f7b6a1a7f5d852a94db3a2a5c6a141a4a3a9afa5a2b1d1a143,71,bio
bio_1029C9,0x1029C9,曾與吳國名將陸遜之子陸抗在襄陽對抗為敵,aabab3a672b251a46ca141a571b0a8aaa2b3a1c4dda141a5d1a9f3aa76b27aa4baac46b16fc5e9a141bbe1a8fca5c1a4dfbed6b8fca143b4bfbb50a764b0eaa657b14eb3b0bbb9a4a7a46cb3b0a7dca662c1b8b6a7b9efa7dcacb0bcc4a143b7eda54ca568a540aec9a141bbe2a467aabaa6caa96db3a3b464b6cbb16fadfaaa5fa143,131,bio
bio_102A55,0x102A55,不幸兵敗反被殺害,a6baabadeca5bbacb0b14fae61a141a65da966acb0a65aa141a6d3b478b4a4a46ac576a143a5d1a9f3abc6a978a740b6c3a141b1fdbac9b8ddabc6a978a141a4a3a9afa74cb1d1a4cfb351b1feae60a143,81,bio
bio_102AAD,0x102AAD,曾在曹丕征吳時打敗曹休,a8fca5ae5db0edaabac2c2b3a1a141abe1c0b0a755ae5db5a6b2e6c2f7b04bb34ea143a4a7abe1ab4bb06cc048ae5db5a6a141b4bfa662b1e4a541a9baa764aec9a5b4b1d1b1e4a5f0a143,75,bio
bio_102B01,0x102B01,在曹操舉兵討伐董卓時加入曹操陣營中,aa5fa1abdca6adb44eb06cc048b1e4bedea141a662b1e4bedec17ca74cb051a5efb8b3a8f4aec9a55ba44ab1e4bedeb07dc0e7a4a4a143b4bfbb50b169bff1a142bcd6b669a4d9a74ca658d5f3a548a9daaa46a764a74cb6a4a143,91,bio
bio_102B5D,0x102B5D,堅李儒,5db0eda7f5bea7,7,bio
bio_102B65,0x102B65,在董卓被誅時亦同時被處死,a1a141b8b3a8f4aabaa46bb442a45dac4fad78ae76a141b2a6a5cdb06cc048b8b3a8f4a141bb50b8b3a8f4c170a4e2b0f5a6e6b35ca668b463a6e6a141a55dac41b1feae60a4d6abd2a142a6f3a4d3a65aa142be45b3a3aaf8a677b5a5a143a662b8b3a8f4b351b8ddaec9a5e7a650aec9b351b342a6baa143,121,bio
bio_102BDF,0x102BDF,蝘囃,e7a7f5c459,5,bio
bio_102BE5,0x102BE5,在綿竹與黃忠戰得平分秋色,bfbb50b8beb0eaab69b14ea143bc42b3c6a7f0af71a67baec9a141a662baf8a6cbbb50b6c0a9bebed4b16fa5ada4c0aceea6e2a143a662b9efc351aabab051a5efbed4a4a4a141a5d1a9f3a5c7a455bff9bb7ea453b751b1bbb9a2a141b2d7b351b653acb0a5ada5c1a143,107,bio
bio_102C51,0x102C51,行釦灅,a6e6b3a7f5d852,7,bio
bio_102C59,0x102C59,後中了楊彪之計與郭氾決裂,a6e6a1b8b3a8f4aabaa4dfb8a1b3a1b14ea141a662b8b3a8f4b351b1fea4a7abe1a141b0baa650b3a2a5c6a7e2abf9a4a4a5a1ac46c576a141bfb3adb7a740aef6a143abe1a4a4a446b7a8b343a4a7ad70bb50b3a2a5c6a84db5f5a141b351a473b8e9a9d2b1fea143,105,bio
bio_102CC9,0x102CC9,經夏侯惇引薦而為曹操重用,b16fa5adecacb0b169c2e4c2c2b3a1a141a65dbb50a448a4a3a658a6d3a558a143b867ae4cab4ab1aca4dec2cba6d3acb0b1e4bedeadaba5cea143ab69a44fb94ca448a141a8cfa8e2aa4badaba44ba451a4e7aabac54bb475a141aeb5a4a7a457b0a8a4b4b942a8cfa670adb8a143abe1b351b169c2b8a5cead70a5a2c2f9c54bb475a141a4b4a44fabf7b1cfc540b1e4bedea6d3e266a952a143,155,bio
bio_102D65,0x102D65,與釧,bb50b3a950addc,7,bio
bio_102D70,0x102D70,在關羽被擒身亡之後,adecacb0a473b8e9aabac059c059a141a6fda65db152abf4c3f6a6d0a141a6d3b06cc048a8e4a5aaa56ba141ac4fa657abdca66eaabab0c6b14ea143a662c3f6a6d0b351bee0a8ada460a4a7abe1a141a5e7a6dbb1feaeeea544a143,92,bio
bio_102DCD,0x102DCD,的觼,aabac5a950aef5,7,bio
bio_102DD5,0x102DD5,仍東衝西突地解救被包圍的孫權和徐盛,aeb5a4aa46a764a657b14ea141a8aabec0a4a7bed4abe1a141a662bea7b6b7a466a440bed4a4a4a141c1f6a6dba476a8ada8fcadabb6cba141a4b4aa46bdc4a6e8acf0a661b8d1b1cfb351a55db3f2aabaae5dc576a94dae7db2b1a141a569bba1ad5eab69b2a7b160a143,107,bio
bio_102E41,0x102E41,其巧,a8e4a5a973b946,7,bio
bio_102E49,0x102E49,在關羽危急之時卻慫恿劉封不予以支援,ac4fa6a672a46cbc79a141a662a7ebbe61bc42b3c6abe1a141bb50bc42b3c6b871a46cbc42abcaa650a675a457b165a141a662c3f6a6d0a64dabe6a4a7aec9ab6fbca3b176bc42abcaa4a3a4a9a548a4e4b4a9a141a6dca8cfc3f6a4bdb94aae60a141abe1a8d3bee1a4dfb351bb40a6d3a7ebadb0c351b0eaa143b3ccabe1a453b751a4cfab71c351a141a6fdb351a571b0a8c574a9d2b1fea143,155,bio
bio_102EE5,0x102EE5,和悟,a94daea973c0f2,7,bio
bio_102EED,0x102EED,於是孔明決定南伐平定之,a569bbab6ec65aa4fda141a65db867b160b76bc25ab8beb0eac3e4b9d2a141a9f3ac4fa4d5a9faa84da977ab6ea5efa5ada977a4a7a143b4bfb351bdd1b8afab47a443bee0a443c161a141b2d7a9f3a5b4b171a4dfa9b3abf4aa41a4d5a9faa141a6d3b8dba4dfc26bb6b6b8beb0eaa143,113,bio
bio_102F65,0x102F65,孟達共謀欲迎劉備入蜀,a141aba672a7b5aabda141a7dfadb7dc53a448a141adecacb0bc42bcfdb3a1a455a141bb50b169aa51a142a973b946a640bfd1b1fdaaefbc42b3c6a44ab8bea143b9efa5ada977ba7ea4a4a6b3a55ca141a5f4a97caed1a54fa141c540ad78b14ead78a143,101,bio
bio_102FCB,0x102FCB,帕鶳,a9acf6c646,5,bio
bio_102FD1,0x102FD1,最後被張飛斬於刀下,b4bfb3b04bb34ea4e2a455a141a8cfa440a466a454a679a44da141adaba2b4a2afa4bda4e7a141a444ac4fbb44a657aabaaa5ab14ea143a662bb50bc42b3c6a9babed4a4a4a141a94dc3f6a6d0b3e6ac44a141b5b7b240a853a6b3acc8c4dfa4a7a6e2a143b3ccabe1b351b169adb8b1d9a9f3a44da455a143,121,bio
bio_103051,0x103051,因為父親被甘寧射殺而深痛惡之,bfd1b1a672a4bdc4f2a141a65dacb0a4f7bfcbb351a5ccb9e7ae67b1fea6d3b260b568b463a4a7a143a8e2a448c1f6acb0a650b9b1a141a6fdbcc6abd7b1fdb3f8b1fea4f7a4a7a4b3a143abe1a8d3bb50c351b14ebcd6b669a740bed4aec9b3b4a44aa64dbef7a141a9afacb0a5ccb9e7a9d2b1cfa141a8e2a448a65da6b9a6d3a4c6b8d1a4b3abeba141a6a8acb0b2f6b066a143,149,bio
bio_1030F0,0x1030F0,但是因他和叔父一樣反對曹操成為魏王,a672a4bdb946a141affbd17ba4a7abbfa141a5e7bbe1b449bfd1b2a4a141b4bfacb0b1e4bedec46db94ca4a3a4d6ad70b5a6a143a6fdac4fa65da54ca94da8fba4f7a440bccba4cfb9efb1e4bedea6a8acb0c351a4fda141b2d7a9f3bcabb46ea6d3a6baa143,102,bio
bio_10315D,0x10315D,於是暗中計劃迎劉備入蜀,d4aec9a672a5c3a67ea141adeca5bbac4fbc42bcfdaabaa4e2a455a141b7edb169be7cb1fdb9cfb8bea661aec9a141b774b565a6e8a474a661b27aa4a7b9cfa141b1fda844b1cfa9f3b1e4bedea141a6fdab6fbe44b1e4bedea74eb248b9efabdda143abe1a8d3c2e0a6d3a844a9f3bc42b3c6a141b351bc42b3c6aabaa4afb871a9d2b750a141a9f3ac4fb774a4a4ad70b9baaaefbc42b3c6a44ab8bea141a4a3a9afaef8aea7a8abc553a6d3b351b1d9adbaa143,181,bio
bio_103219,0x103219,因此在孫策臨死前曾遣言,a67ea1a672a46ca5aca141b3d5bec7a6d3a668bb44aabaa764b0eabfd1a468a141bb50b169d354a8c3bad9a175a447b169a176a141bbb2a6f5ae5db5a6a143b169ac4cb260bfdaaa76b0eaa4a7b944a141a65da6b9a662ae5db5a6c17ba6baab65b4bfbbbaa8a5a175a4baac46bb50b169ac4cb0d3b671a176a143,123,bio
bio_103295,0x103295,仁萵,a4afb8b169ada8,7,bio
bio_10329D,0x10329D,在官渡之戰中倒戈向曹操,a141a9adecacb0b04bb2d0aabac2c2b3a1a141a6fdc5a5ab48b3a2b9cfa4a7a8a5a141a662a978b4e7a4a7bed4a4a4adcba4e0a656b1e4bedea143a4a7abe1a548c351b0eaa657b14ec2e0bed4a655a661a141c0f2b16fa4a3a4d6b3d3bed4a143b3ccabe1b3b4a44aa4d5a9faaabab3b4a8c0a141a662a4ecaaf9b944bed4a6baa143,131,bio
bio_103321,0x103321,臨曲,c17ba6b169ad63,7,bio
bio_103329,0x103329,在孔明北伐魏國時,bbbaa8b169adb8a4a7a46ca141b260b16fb169adb8aababff2b6c7a141ab69b272b94ca448a143bb50c3f6bfb3b5b2acb0aaf7c4f5a143a662a4d5a9faa55fa5efc351b0eaaec9a141a5e7bed4a455a4a3a4d6a55cb3d2a143,89,bio
bio_103389,0x103389,但最後聽信賣國求榮楊松的話,a548c3a672a4bdb852a141b3d0a5dfa4ada4e6a6ccb1d0a141a662ba7ea4a4abd8a5dfa976b1d0bf57a5dfb0eaa141aec9aec9c1bbbfccab6ea4e8aabaaf71a67ba143a6fdb3ccabe1c5a5ab48bde6b0eaa844ba61b7a8aa51aabab8dca141a6d3b351b1e4bedea9d2a5b4b1d1a143,111,bio
bio_1033F9,0x1033F9,的膨,aababfb169c2b8,7,bio
bio_103401,0x103401,但後來感於曹操之得而歸順,ab69b2b169c0d9a4a7abbfa141a662b169c0d9a6baabe1c47ea9d3ad78b6d5c576a44fa141b4bfa46aaf7db1e4bedea447a6b8a141b14ea4a7b3b4a44aa64dabe6a4a7a661a141a6fdabe1a8d3b750a9f3b1e4bedea4a7b16fa6d3c26bb6b6a143,97,bio
bio_103469,0x103469,憑其三寸不爛之舌終使曹操打消此一念頭,b1d0bfa672a46cbaf5a141a5e7acb0aa46a764bfd1a468a141bb50b169ac4ca8c3bad9a175a447b169a176a143b4bfa662b1e4bedeb1fda7f0a5b4a764b0eaaec9a141a558a8cfb1e4c351a141becca8e4a454a46fa4a3c4eaa4a7a6deb2d7a8cfb1e4bedea5b4aef8a6b9a440a9c0c059a143,115,bio
bio_1034E5,0x1034E5,後來堅守雒城與劉備軍對壘,af7db1b8bea4a4a657b14ea141b4bfa9f3b8a8bbf1a959ae67b1fec365b2cea143abe1a8d3b0eda675bbdcabb0bb50bc42b3c6ad78b9efc253a143b3ccabe1b351a4d5a9faa5cead70a9d2bee0a141a9e8a6baa4a3adb0a141ba42b46eb44eb871a143,99,bio
bio_103551,0x103551,他親率部下攻擊袁紹軍的本陣,b4bfa6a672a46cb747a141ac4fc351b0eaaabab67db0eaa55ca6daa4a7a440a141b7edb1e4bedeb1d1a9f3b8b3a8f4aec9a141b1e4a4afb4bfbba1a147a4d1a455a853a6b3b1e4a4afb54ca9d2bfd7a141a6fda4a3afe0a853a6b3b1e4bedea141b44ead49b5dbb1e4bedeb06ba8aba143a978b4e7a4a7bed4aec9a141a54cbfcbb276b3a1a455a7f0c0bbb04bb2d0ad78aabaa5bbb07da141b14ebed4aaa7bec9a656b3d3a751a4a7b37ea143,173,bio
bio_1035FF,0x1035FF,萵銢,b8b1e4ac78,5,bio
bio_103605,0x103605,自曹操舉兵開始便追隨曹操,47b1b1a672a46ca7b5a141ac4fb1e4bedeaabab0f3a553a7cca141a6dbb1e4bedec17ca74cb67da96cab4bb06cc048b1e4bedea141acb0b1e4bedead78b6a4a4a4aabaa440adfbb272b14ea141a7eaba74b5dba5b4a5fdbe57aabaa8a4a6e2a141a5e7ac4fb1e4bedeaabab67db0eaa55ca6daa4a7a440a143ab4fc540b1e4bedea4a3bff2be6ca44fa143,139,bio
bio_103699,0x103699,將曹爽等人全部處死,b2d0ada672c4f5adeba141b1e4e8fba9d2a5dfaabaa4d3a46ca141b1b5a8fca571b0a8c574aabaabd8a8a5a141b14eb1e4b26eb5a5a448a5feb3a1b342a6baa143,65,bio
bio_1036E1,0x1036E1,即迫逼他在走七步內立即做一首詩,c17ca7a672a46cabd8a141b1e4bedeaabab2c4a454add3a8e0a46ca141a4e5aaf6b94ca448a141b260b16fb1e4bedeaabab3dfb752a143b1e4a541a759a6ecabe1a141a759ada2b947a54ca662a8aba443a842a4baa5dfa759b0b5a440adbab8d6a141a75fab68a5dfb1d9a141a65da6d3bc67a558bb44a657befaa576a4a4a57eaabaa443a842b8d6a143,139,bio
bio_103770,0x103770,許攸,b35ca7f1,4,bio
bio_103775,0x103775,在官渡之戰中投靠曹操,71b0a8a672a46cbbb7a141adecac4fb04bb2d0aababfd1a468a141a662a978b4e7a4a7bed4a4a4a7ebbe61b1e4bedea141a6d3a46aaf7db04bb2d0a143a6fdac4fa5d1a9f3a6dbabeeb94cb0aaa141c5bab6c6a4a3a569a440a540a141b2d7b351b35cbb75a9d2b1fea143,107,bio
bio_1037E1,0x1037E1,迫郭氾,59ada2b3a2a5c6,7,bio
bio_1037E9,0x1037E9,在董卓死後與李傕一起聯兵攻向長安,62a8abb8b3a8f4aabaa4dfb8a1b3a1b14ea141a662b8b3a8f4a6baabe1bb50a7f5d852a440b05fc170a74ca7f0a656aaf8a677a141acb0b8b3a8f4b8d1b45fa4b3a143,67,bio
bio_103835,0x103835,是曹操手下有名的參謀之一,a46cbba672a95ea7b5a141ac4fb1e4bedea4e2a455a6b3a657aabab0d1bfd1a4a7a440a141b4bfc0b0a755b1e4bedea5b4b1d1a766a5aca141b9efbc42b3c6aabaa7d9a4dfabdcadaba141a8c3abd8c4b3b1e4bedead6eb658a6ada7f0a455aff0a67ba141a6fda662a5bcb9eab27bab65b44ea568a540a143,121,bio
bio_1038B5,0x1038B5,亦使待袁紹軍敗戰於官渡之戰而滅亡,a141a6a6dba96ca6dbb2d7a440aabdbbb2a6f5b5dbb04bb2d0a141a8e4a544b169b16ab577aabaa740aa6ba141b4bfabd8c4b3b04bb2d0ad6eb658a6ada5b4adcbb1e4bedea141b54da6d3a65db04bb2d0aabac075ac58b9e8c25fa141a8e4b74ea8a3a440aabda5bcb351b04bb2d0b1b5a8fca141a5e7a8cfabddb04bb2d0ad78b1d1bed4a9f3a978b4e7a4a7bed4a6d3b7c0a460a143,151,bio
bio_10394D,0x10394D,下秦祚,a455afb3afae63,7,bio
bio_103955,0x103955,有感於其奸詐冷酷而離開他,a6fda6a672a4bda578a141a662bb50b1e4bedea640a650ac79a460aec9a141a6b3b750a9f3a8e4a66cb642a74ebbc5a6d3c2f7b67da54ca143abe1a8d3a7ebbe61a766a5aca141a6a8acb0a766a5acaababfd1a468a143a8acb4bca668bfd1a141b4bfacb0a766a5acc46db35ca668a87db5a6a141a6fdb2d7a4a3b16fa8e4ab48bfe0a141b3ccabe1a662a5d5aaf9bcd3ba42b46ead75b871a143,155,bio
bio_1039F1,0x1039F1,於底秘,a9f3a9b3afb56e,7,bio
bio_103A65,0x103A65,而將徐州讓給劉備管理,a143a8a672aea5afaaa141adecacb0ae7da67ba8eba576a141a65db750bc42b3c6a4a7a4afbc77a141a6d3b14eae7da67bc5fdb5b9bc42b3c6badeb27aa143,63,bio
bio_103AA5,0x103AA5,赴葭,ad75b8b57bb4b6,7,bio
bio_103AAD,0x103AAD,原本對年少的周瑜不服,f3a9b3a672bc77bfd1a141a6dbb171b06cc048ae5db0eda4a7abe1a141a440aabdaec4a44faa46a764a143adeca5bbb9efa67ea4d6aabaa950b7eca4a3aa41a141a6fda662a8aabec0a4a7bed4abe1a141a8a3c3d1a8eca950b7ecaabaafe0a44fa141a6d3a641a454abf4aa41a8e4a455a143,115,bio
bio_103B21,0x103B21,谷費褘,43a8a6b64fe7c7,7,bio
bio_103B29,0x103B29,常擔任大使出使東吳,a141ada672a4e5b0b6a141b8beb0eaa657a6daa141b160bee1a5f4a46aa8cfa558a8cfaa46a764a141abdca8fcae5dc576aabab771adaba143,57,bio
bio_103B69,0x103B69,終於夠因曹操嫉妒而被斬首,a9b3a6b1e4bedeb162a455aabaa440a657c547a468a143a54cc059b8a3b1d3b1b6a141b260aabeb1e4bedeaabaa4dfb74ea141b4bfa65db1e4bedebba1a440a579a175c2fba6d8a176a759aabea8e4a6b3b068a74ca4a7b74ea143b1e4bedea9caa668bac3a141b2d7a9f3b0f7a65db1e4bedeb6faa7aaa6d3b351b1d9adbaa143,129,bio
bio_103BEB,0x103BEB,偶錟,b0b8ebe048,5,bio
bio_103BF1,0x103BF1,對於曹操的作戰方式非常瞭解,b0eaa6a672a4e5a94da141ac4fa657a4e5a978a141a4a3c25fa7efb4aba767a544acb0a8e4add3a448af53a6e2a143adeca5bba662b8b3a8f4a4e2a455b0b5a8c6a141abe1a453a7ebbe61b04bb2d0a143b9efa9f3b1e4bedeaabaa740bed4a4e8a6a1ab44b160c141b8d1a141a65da668a6b8c0bbb1d1b1e4bedea6d3bb44a657a143a6dba978b4e7a4a7bed4abe1a453c2e0a7ebbe61b1e4bedea143,157,bio
bio_103C95,0x103C95,在關羽被困麥城時突危到上庸搬救兵遭拒,bedeb6a672a4b8bbfca141adecacb0b6c0a479b4ddc4d2a141a7ebaec4c3f6a6d0abe1a141a440aabdbb50c3f6a6d0a675aff0a67ba143a662c3f6a6d0b351a778b3c1abb0aec9acf0a64da8eca457b165b768b1cfa74cbe44a9daa143,93,bio
bio_103CF9,0x103CF9,在劉備窮途末路時收容他,b2d0a1a672b4baa4c9a141ba7eabc7a976bfcba141aff0a67ba8eba576a141b4bfbb50b04bb2d0c4e2a4e2b9efa7dcae5db0eda143a662bc42b3c6bd61b37ea5bdb8f4aec9a6acae65a54ca141abe1a8d3a662a4babc7ea57eb6c3a455af66aa5ca143,99,bio
bio_103D65,0x103D65,當初劉備要收養他時,41a7ebbc42b3c6aabab871a46ca141b7edaaecbc42b3c6ad6ea6acbe69a54caec9a141b4bfbe44c3f6a6d0b16aa44fa4cfb9efa143a65da6d3b7edc3f6a6d0a64dabe6a4a7aec9a141a8fca973b946c661a8a5a9d2b462a141a8a3a6baa4a3b1cfa143abe1a8d3be44bc42b3c6b342a9f3a6baa644a143,119,bio
bio_103DDD,0x103DDD,鴽僂,efa7dcbc42b26a,7,bio
bio_103DE5,0x103DE5,由於施行仁政,43a662a672a767ada6a141bc42bcfdaabaa4f7bfcba143af71a67baaaaa141a5d1a9f3ac49a6e6a4afac46a141b260b16fa5c1a4dfa143,55,bio
bio_103E20,0x103E20,劉璋,bc42bcfd,4,bio
bio_103E25,0x103E25,最後為顧人民福祇而開城投降,b3c6aaa672a975a5c9a141ac4fb165a47eb54cafe0a4a7bdfaa143b7edb16faabeb169be7cb1fdab49a5c7c3e4b9d2aec9a141a4a3c555b6c0c576a142b169a5f4b5a5a9bea6daa4cfb9efa141b577ac4faaefb1b5bc42b3c6a44ab8bea143b3ccabe1acb0c555a448a5c1bad6ace9a6d3b67dabb0a7ebadb0a143,123,bio
bio_103EA1,0x103EA1,在艾,a662a6e3c7b656,7,bio
bio_103EAC,0x103EAC,與蔡瑁等人共同把持荊州的實權,a672ad5eabd7a141e3c7a87da4a7a7cca141adecac4fa6f3b669b3a1a455a141abe1c2e0a6d3bbb2a6f5bc42aaeda143bb50bdb2b7e8b5a5a448a640a650a7e2abf9aff0a67baabab9eac576a143a662b1e4bedeb669a7f0aff0a67baec9a44fc455bc42da7aa7ebadb0a143,108,bio
bio_103F19,0x103F19,齒睄,bea6dabc66b074,7,bio
bio_103F21,0x103F21,因不願投降而北跪從容就義,41b577a672a5bfab6ea141b04bb2d0aababfd1a468a141a9bea4dfa4a3a447a143a662bb50b1e4bedea740bed4a4a4b0eda675beaca67ba141a6fda65da8e4abbfbde6a544a844ba61a141b67dabb0a7ebadb0a141a6d3a8cfbc66b074b351bee0a143a65da4a3c440a7ebadb0a6d3a55fb8f7b171ae65b44eb871a143,125,bio
bio_103F9F,0x103F9F,兮硍,a4bcd6b669,5,bio
bio_103FA5,0x103FA5,劉備交戰時屢建奇功,a7e2aba672a4e5c1bea141a662bb50a766a5aca142bc42b3c6a5e6bed4aec9b9f0abd8a95fa55ca141b260acb0b1e4bedea9d2adcaadaba143,57,bio
bio_103FDF,0x103FDF,汗族,a6bdb1da7b,5,bio
bio_103FE5,0x103FE5,因此在孔明臨死前遺言蔣琬接任蜀漢丞相大將軍,a141b0a672a4bdda7ca141aff0c1b8a657a468a141b06cc048bc42b3c6a44ab8bea141a8e4a47eb5d8b3c6a8fcbdd1b8afab47bde0c3d1a141a65da6b9a662a4d5a9fac17ba6baab65bff2a8a5bdb1da7bb1b5a5f4b8beba7ea5e0acdba46ab14ead78a143,101,bio
bio_10404B,0x10404B,末捧,a5bdb1b746,5,bio
bio_104051,0x104051,使得曹操先斬了蔡瑁等水都督,ae65b4a672a46cc16ca141bb50a950b7ecac4fa66eaa42a4cda141a6fdab6fac4fb1e4bedeaababfd1a468a143b4bfa8e2abd7a8eca950b7ecb342b1fda5b4c5a5aef8aea7a141ab6fb351a950b7eca5a9a7aeb35dad70a141a8cfb16fb1e4bedea5fdb1d9a446bdb2b7e8b5a5a4f4b3a3b7fea141a453a4a4b373c0f4ad70a6d3a46ab1d1a143,135,bio
bio_1040DC,0x1040DC,蔡瑁,bdb2b7e8,4,bio
bio_104181,0x104181,中諸葛瑾,53a4a4bdd1b8afbd40,9,bio
bio_10418C,0x10418C,曾三番兩次扮演使者出使蜀漢,a672a46cb7eca141bdd1b8afab47a4a7a553a141ac4fae5dc576aabab9f5b9b1a141a6fdac4fbfd1b2a4a94da47eb4bca7a1a4a3a4cea444a7cca143b4bfa454b566a8e2a6b8a7eaba74a8cfaacca558a8cfb8beba7ea141a6fdb3a3b54ca55ca6d3aaf0a143,102,bio
bio_10426D,0x10426D,才晷,a47eb4be48aadb,7,bio
bio_104275,0x104275,在劉備死後受到孔明的重用,a4cea4a672a742ad5da141b8beb0eaabe1b05fa4a7a871a143a662bc42b3c6a6baabe1a8fca8eca4d5a9faaabaadaba5cea141ab65a9b9a764b0eab5b2b7f9a5dca66ea141aa47b54da4a3ad74a9d2b1e6a141b6b6a751b946a6a8a5f4b0c8a143,97,bio
bio_1042DD,0x1042DD,常給予劉備許多資助,a143bba672a46ca5f2a141ac4fae7da67ba6b3bffaaabaa46aa4e1a141b160b5b9a4a9bc42b3c6b35ca668b8eaa755a141abe1a453a7e2a966a966b6f9b5b9bc42b3c6a143,69,bio
bio_104329,0x104329,為東吳三朝元老,7eb4bea672b871a4bda141bff1a6e8a54fa4e4a448a141ae5db0edb3a1b14ea141acb0aa46a764a454b4c2a4b8a6d1a141ac4fa8cfa46aa44daabaa66ea4e2a143,65,bio
bio_104371,0x104371,曾偕同馬騰攻擊長安的李傕,a66ea1a67da67ba8eba576a141bb50b0a8c4cbac4fb5b2abf4a553a7cca143b4bfb0baa650b0a8c4cba7f0c0bbaaf8a677aabaa7f5d852a143a662b0a8c4cba6baabe1bb50b0a8b657b05fa74ca7f0b1e4a141b1fdb3f8b0a8c4cba4a7a4b3a143b3ccabe1b1e4bedea5cec2f7b6a1ad70a141a8cfb16fc1fab945bb50b0a8b657a4cfa5d8a141a6d3a7ebbe61b1e4bedea143,147,bio
bio_104405,0x104405,為秉,acb0aac343a87d,7,bio
bio_10440D,0x10440D,但後來被關羽一刀刺於馬下而亡,b4c2a4b04bb2d0a9d2adcabfe0aabaa46ab14ea141b7a5acb0c5bbab69b5bdbed4a143a662b04bb2d0b56fa74ca7f0a5b4b1e4bedeaec9a141a662a5d5b0a8c3f6a46ab1d1b1e4ad78a141a9d2a656a9dcc3fba143a6fdabe1a8d3b351c3f6a6d0a440a44da8eba9f3b0a8a455a6d3a460a143,115,bio
bio_104489,0x104489,為報父仇而與東吳交戰,a4b3a1c3f6a6d0aabaa6b8a46ca141bb50b169ad63b871b5b2aaf7c4f5a143acb0b3f8a4f7a4b3a6d3bb50aa46a764a5e6bed4a141aa5aa44fa45dac4fa440ac79a143,67,bio
bio_1049A1,0x1049A1,部陽,b3a1b6a767a544a657,9,bio
bio_1049AB,0x1049AB,互不侵犯,a4c3f6ab5920a4aca4a3ab49a5c720a7f0a675a650b7f9,23,bio
bio_1049DA,0x1049DA,茈緊張,d3a5baf2b169,6,bio
bio_1049EA,0x1049EA,六普通,a4bbb4b6b371,6,bio
bio_1049FA,0x1049FA,跼良好,bbb1a87da66e,6,bio
bio_104A0A,0x104A0A,氶親密,c9a1bfcbb14b,6,bio
bio_104A18,0x104A18,同盟,a650b7f9,4,bio
bio_104A1D,0x104A1D,由巧,a5d1a5a978,5,bio
bio_104B4F,0x104B4F,人物簡介,25a448aaabc2b2a4b6,9,bio
bio_104B61,0x104B61,力無,5aa44fb54c,5,bio
bio_104BD5,0x104BD5,氣請選擇要偵查的目標郡縣,68aef0bdd0bfefbedcad6eb0bbac64aabaa5d8bcd0b070bfa4a149,27,bio
bio_104C1B,0x104C1B,娃郈嚝僁嵽羺賑,abbdd0bfefbedcbee1a5f4b0bbac64aabaaa5ab14ea149,23,bio
bio_104C82,0x104C82,請選擇擔任搜尋人才的武將,494dbdd0bfefbedcbee1a5f4b76ab44da448a47eaabaaa5ab14ea149,28,bio
bio_104CAC,0x104CAC,換頁,b4abadb6,4,bio
bio_104D40,0x104D40,吾軍兵糧短少,a75ead78a74cc2b3b575a4d6a14da979b374bed4b374a84d2e,25,bio
bio_104D71,0x104D71,足以長期與敵互角於山野之間,44b56ea75ead78a74cb16ab0a8a7a7a14dc2b3afb0a552a84ba151a8aca548aaf8b4c1bb50bcc4a4aca8a4a9f3a473b3a5a4a7b6a1a143,55,bio
bio_104DA9,0x104DA9,統萬眾必有所失,012f25a6b9a448a444b165b14ea45da143b068a4a3afe0a4eea14db669a4a3afe0b854a151b2ceb855b2b3a5b2a6b3a9d2a5a2a14dbd6da464ad78a5b2b54ca9d2a6a8a143,69,bio
bio_104DF0,0x104DF0,夫軍無習練,a4d2ad78b54cb2dfbd6da14da6caa4a3b7eda440a143b2dfa6d3a5cea4a7a14da440a569b7eda6caa143,42,bio
bio_104E1B,0x104E1B,此城將臨屠馬以食,6fa5bba67bc2b3b54cb855b1d8a14daaf7b54ca464bbcba151ad59b0f5b74ebdfdc2b3a9f3a54ca14dbad7b14ea6dca86fa149a6b9abb0b14ec17bb14fb0a8a548adb9a14db1b8aff3a552b0a7a4a7b9d2a143,83,bio
bio_104E8F,0x104E8F,原非臣所應議論者,6db14ebbe2bdd5abd7a14dadecab44a6daa9d2c0b3c4b3bdd7aacca143bed6a6cab855b6afa74caacca14dab6fb54ca440a569a5cea4a7b14ea146a46aad78ab68a670b873c073b54cadbaa14da444af51a658a4a7b2b3bab8a149b1e6a9faa4bdb260abe4a143,103,bio
bio_104EF7,0x104EF7,若明公令一上將為太守,c2a4b5a1adb54ca448b2cec1d2a14dad59a9faa4bda54fa440a457b14eacb0a4d3a675a14da6dca1adb4b2a6ccc2b3a14ea677a5c1a4dfa146a8eea8e5add7aa6ba143ab68b855a5c1a9afacc6a149,79,bio
bio_104F47,0x104F47,失當乃國家動搖之本,a1a5cea448a5a2b7eda444b0eaae61b0cab76ea4a7a5bba143,25,bio
bio_104F64,0x104F64,此人必不負主公之期望,a6b9a448a5b2a4a3ad74a544a4bda4a7b4c1b1e6a143,22,bio
bio_104F7B,0x104F7B,徵之國必亂也,a5a4b5a4a3a979b16abc78a5c1a74ca14dbc78a4a7b0eaa5b2b6c3a45da143,31,bio
bio_104F9B,0x104F9B,必能將士用命,a4bb45a5c1a548b1d0a4a7a14db2dfa74cadb2a4a7beb9a151c17bbed4b94abcc4a14da5b2afe0b14ea468a5cea952a14daf7dbcc4bef7a5fda143,59,bio
bio_104FD7,0x104FD7,有限之金集無用之兵,a1a548a6b3adada4a7aaf7b6b0b54ca5cea4a7a74ca14dab44a9faa767a4a7a9d2acb0a143,37,bio
city_0FCDA0,0xFCDA0,襄平,c1b8a5ad,4,city
city_0FCDA8,0xFCDA8,北平,a55fa5ad,4,city
city_0FCDB8,0xFCDB8,晉陽,aecab6a7,4,city
city_0FCDC0,0xFCDC0,南皮,ab6ea5d6,4,city
city_0FCDC8,0xFCDC8,平原,a5adadec,4,city
city_0FCDD8,0xFCDD8,北海,a55faefc,4,city
city_0FCDE0,0xFCDE0,濮陽,c0e4b6a7,4,city
city_0FCDE8,0xFCDE8,陳留,b3afaf64,4,city
city_0FCDF0,0xFCDF0,洛陽,aca5b6a7,4,city
city_0FCDF8,0xFCDF8,弘農,a5b0b941,4,city
city_0FCE00,0xFCE00,長安,aaf8a677,4,city
city_0FCE08,0xFCE08,安定,a677a977,4,city
city_0FCE10,0xFCE10,天水,a4d1a4f4,4,city
city_0FCE18,0xFCE18,西涼,a6e8b244,4,city
city_0FCE20,0xFCE20,下邳,a455cdd6,4,city
city_0FCE28,0xFCE28,徐州,ae7da67b,4,city
city_0FCE38,0xFCE38,汝南,a6bcab6e,4,city
city_0FCE48,0xFCE48,新野,b773b3a5,4,city
city_0FCE50,0xFCE50,襄陽,c1b8b6a7,4,city
city_0FCE58,0xFCE58,上庸,a457b165,4,city
city_0FCE60,0xFCE60,江夏,a6bfae4c,4,city
city_0FCE68,0xFCE68,江陵,a6bfb3ae,4,city
city_0FCE70,0xFCE70,武陵,aa5ab3ae,4,city
city_0FCE78,0xFCE78,長沙,aaf8a846,4,city
city_0FCE80,0xFCE80,桂陽,aedbb6a7,4,city
city_0FCE88,0xFCE88,零陵,b973b3ae,4,city
city_0FCE90,0xFCE90,壽春,b9d8ac4b,4,city
city_0FCE98,0xFCE98,建業,abd8b77e,4,city
city_0FCEA8,0xFCEA8,會稽,b77cbd5d,4,city
city_0FCEB0,0xFCEB0,廬江,c366a6bf,4,city
city_0FCEB8,0xFCEB8,柴桑,aee3aee1,4,city
city_0FCEC0,0xFCEC0,漢中,ba7ea4a4,4,city
city_0FCEC8,0xFCEC8,下弁,a455a5af,4,city
city_0FCED0,0xFCED0,梓潼,b1eabce0,4,city
city_0FCED8,0xFCED8,成都,a6a8b3a3,4,city
city_0FCEE0,0xFCEE0,永安,a5c3a677,4,city
city_0FCEE8,0xFCEE8,江州,a6bfa67b,4,city
city_0FCEF0,0xFCEF0,建寧,abd8b9e7,4,city
city_0FCEF8,0xFCEF8,雲南,b6b3ab6e,4,city
city_0FCF00,0xFCF00,南海,ab6eaefc,4,city
city_0FCF08,0xFCF08,夷州,a669a67b,4,city
city_0FCF28,0xFCF28,東風,aa46adb7,4,city
city_map_110DB8,0x110DB8,襄平,c1b8a5ad,4,city
city_map_110E40,0x110E40,北平,a55fa5ad,4,city
city_map_110F50,0x110F50,晉陽,aecab6a7,4,city
city_map_110FD8,0x110FD8,南皮,ab6ea5d6,4,city
city_map_111060,0x111060,平原,a5adadec,4,city
city_map_111170,0x111170,北海,a55faefc,4,city
city_map_1111F8,0x1111F8,濮陽,c0e4b6a7,4,city
city_map_111280,0x111280,陳留,b3afaf64,4,city
city_map_111308,0x111308,洛陽,aca5b6a7,4,city
city_map_111390,0x111390,弘農,a5b0b941,4,city
city_map_111418,0x111418,長安,aaf8a677,4,city
city_map_1114A0,0x1114A0,安定,a677a977,4,city
city_map_111528,0x111528,天水,a4d1a4f4,4,city
city_map_1115B0,0x1115B0,西涼,a6e8b244,4,city
city_map_111638,0x111638,下邳,a455cdd6,4,city
city_map_1116C0,0x1116C0,徐州,ae7da67b,4,city
city_map_111748,0x111748,許昌,b35ca9f7,4,city
city_map_111858,0x111858,汝南,a6bcab6e,4,city
city_map_111968,0x111968,新野,b773b3a5,4,city
city_map_1119F0,0x1119F0,襄陽,c1b8b6a7,4,city
city_map_111A78,0x111A78,上庸,a457b165,4,city
city_map_111B00,0x111B00,江夏,a6bfae4c,4,city
city_map_111B88,0x111B88,江陵,a6bfb3ae,4,city
city_map_111C10,0x111C10,武陵,aa5ab3ae,4,city
city_map_111C98,0x111C98,長沙,aaf8a846,4,city
city_map_111D20,0x111D20,桂陽,aedbb6a7,4,city
city_map_111DA8,0x111DA8,零陵,b973b3ae,4,city
city_map_111E30,0x111E30,壽春,b9d8ac4b,4,city
city_map_111EB8,0x111EB8,建業,abd8b77e,4,city
city_map_111FC8,0x111FC8,會稽,b77cbd5d,4,city
city_map_112050,0x112050,廬江,c366a6bf,4,city
city_map_1120D8,0x1120D8,柴桑,aee3aee1,4,city
city_map_112160,0x112160,漢中,ba7ea4a4,4,city
city_map_1121E8,0x1121E8,下弁,a455a5af,4,city
city_map_112270,0x112270,梓潼,b1eabce0,4,city
city_map_1122F8,0x1122F8,成都,a6a8b3a3,4,city
city_map_112380,0x112380,永安,a5c3a677,4,city
city_map_112408,0x112408,江州,a6bfa67b,4,city
city_map_112490,0x112490,建寧,abd8b9e7,4,city
city_map_112518,0x112518,雲南,b6b3ab6e,4,city
city_map_1125A0,0x1125A0,南海,ab6eaefc,4,city
city_map_112628,0x112628,夷州,a669a67b,4,city
dialogue_105000,0x105000,可速招募民兵,a569b374a9dbb6d2a5c1a74ca14da6daa6dbb1d0a4a7a14da569a548abddbcc4a143,34,dialogue
dialogue_105023,0x105023,復加之重賦雜捐,a4a4b5b16abd73a74ca4e1a14da5c1a4e1a4d6a6b3a442a4d2a151b45fa55ba4a7adabbde1c2f8aebda14db0eabd61a5c1b368a151a5c1a5b2a5cdab71c2f7a4a7a4dfa14dabe6a979b5b4b86da143,79,dialogue
dialogue_105073,0x105073,吾軍可得不斷之援,bcbd73a5c1a44aa4e1a14da540a54eacb0a74ca151a75ead78a569b16fa4a3c25fa4a7b4a9a14da444a87db5a6a45da143,49,dialogue
dialogue_1050A5,0x1050A5,乃三軍之司命,a14daba4d2a74cc576aacca14da444a454ad78a4a7a571a952a14da544b14ea4a7abc2b6d5a143a4b5b9dca1b3a74cc576a14da5b2a4deab71a4dfa143,61,dialogue
dialogue_1050E3,0x1050E3,乃致勝之鎖匙矣,bdb16ab14ebbe2adaba74ca14da444ad50b3d3a4a7c2eab0cda86fa143,29,dialogue
dialogue_105101,0x105101,敢如此,bde1c2a4c7a4d2a677b4b1a670a6b9a149,17,dialogue
dialogue_105125,0x105125,宜善郈嚝颩,a979b5bdd0bfefbedcad6ea7f0a5b4aabab070bfa4a149,23,dialogue
dialogue_1051C8,0x1051C8,請選擇帶兵出征的武將,bdd0bfefbedcb161a74ca558a9baaabaaa5ab14ea149,22,dialogue
dialogue_10528B,0x10528B,攜帶的米糧數,a7bdd0bfe9a44ac4e2b161aabaa6ccc2b3bcc62825642d2564293a,27,dialogue
dialogue_1052CC,0x1052CC,請選擇押運糧草的輜重隊,0606bdd0bfefbedca9e3b942c2b3aff3aababdfdadabb6a4a14901,27,dialogue
dialogue_1052E8,0x1052E8,請指派訓練部隊的武將,bdd0abfcaca3b056bd6db3a1b6a4aabaaa5ab14ea149,22,dialogue
dialogue_105300,0x105300,請指派擔任運補物資任務的武將,bdd0abfcaca3bee1a5f4b942b8c9aaabb8eaa5f4b0c8aabaaa5ab14ea149,30,dialogue
dialogue_10531F,0x10531F,至多名武將,acbdd0bfefaca3b2bea8beb942b8c9aabaaa5ab14ea149a15db17aa569abfca977a2b0a6dca668a657aa5ab14ea15e,47,dialogue
dialogue_105368,0x105368,請選擇欲要製造的武器,bdd0bfefbedcb1fdad6ebb73b379aabaaa5abeb9a148,22,dialogue
dialogue_10537F,0x10537F,徵兵的武將,d3bdd0aca3a558bc78a74caabaaa5ab14ea149,19,dialogue
dialogue_105393,0x105393,實行募兵任務的武將,f3bdd0aca3a558b9eaa6e6b6d2a74ca5f4b0c8aabaaa5ab14ea149,27,dialogue
dialogue_1053B0,0x1053B0,請選擇執行世兵任務的武將,bdd0bfefbedcb0f5a6e6a540a74ca5f4b0c8aabaaa5ab14ea149,26,dialogue
dialogue_1053CB,0x1053CB,選擇要重新分配士兵的武將,4ebfefbedcad6eadabb773a4c0b074a468a74caabaaa5ab14ea149066328b3d1be6ca74cadfb3a25642901,43,dialogue
dialogue_105418,0x105418,不明治國之理,a1b3a4a3bed5b941a8c6a14da4a3a9faaa76b0eaa4a7b27aa151a965a4a7a5b2a5cda5c1abe8a143,40,dialogue
dialogue_105493,0x105493,豈有多餘之兵用於兵屯耶,a1ab65a4e8a64dabe6a14db05aa6b3a668be6ca4a7a74ca5cea9f3a74ca4d9ad43a148,35,dialogue
dialogue_1054B7,0x1054B7,數年可得米糧百萬斛,64a74ca4d9a9f3a6b9a14da4dea4f4c4e9b540a14da46abf6ead78c2b3a151bcc6a67ea569b16fa6ccc2b3a6cab855b1d8a143,51,dialogue
dialogue_1054EB,0x1054EB,貨財難以行遠也,a1a4b5b3cebedaa4c0b159a14db366b05dc3f8a548a6e6bbb7a45da151acb0a4a7a5b2b54ca9d2a6a8a45da143,45,dialogue
dialogue_105519,0x105519,必可輜軍備之需,b6d2b3a54fa1b3a6e6a4aca5aba9f3a57cbe46a14da8c3a844c651c54ba4a7a751a151a5b2a569bdfdad78b3c6a4a7bbdda143,51,dialogue
dialogue_10554E,0x10554E,不熟政事,a1aba1b3a4a3bcf4ac46a8c6a14dc3f8a6b3a9d2a6a8a143,24,dialogue
dialogue_105567,0x105567,可大積軍糧,a9c677b4eba6a8b3f7a14da4dea4f4bce5b540a151a569a46abf6ead78c2b3a14da542b54ca4f4b177a143,43,dialogue
dialogue_105593,0x105593,多餘之金以修此難守之城,b3a6b9a8e8b54ca668be6ca4a7aaf7a548add7a6b9c3f8a675a4a7abb0a14dc440a9faa4bdb8d4a4a7a143,43,dialogue
dialogue_1055BF,0x1055BF,而敵即難以拔之,b2b0edabb0b0aac253a548b3c6b855a5fea4a7b6d5a14da75eb14eaedab260b8a6a954a151a6d3bcc4a759c3f8a548a9dea4a7a143,53,dialogue
dialogue_1055F5,0x1055F5,備散軍糧以濟流民,78b3c6b4b2ad78c2b3a548c0d9ac79a5c1a14dc17bbcc4a5b2a8fcb54cc2b3a4a7ad57a143,37,dialogue
dialogue_10561B,0x10561B,民為邦本,77a5c1acb0a8b9a5bba14da5bba954a8b9b9e7a143,21,dialogue
dialogue_105634,0x105634,今明公以一己之怒而害天下百姓,a4d1a455b0caa4a7a6dca9f6a14da677a4a7a6dcc3f8a143a4b5a9faa4bda548a440a476a4a7abe3a6d3ae60a4d1a455a6caa96da14dbb50b6c0a479a6f3b2a7a148,66,dialogue
dialogue_1056CB,0x1056CB,苦而定百姓之繇役賦稅,a5b5f8a5c1a5cdaf65ad57a6d3a977a6caa96da4a7edd9a7d0bde1b57ca14da6b9a444a65da661a8eea979a14db874a448acb0a4a7c3d9a86fa143b54da6d3ad56b57cc2f8aebdb3d2a5c1b0cab2b3a14da5c1a5cda5b2a977b368ad57a14da6b9b874a448a4a3acb0a45da143,109,dialogue
dialogue_10574B,0x10574B,時穀一斛至數十萬,a8aaf1b373a67ea9baa5efa14ea45bb867bdc0a7f2a151a448acdbadb9a14daec9bd5ca440b1d8a6dcbcc6a451b855a143b9eaa4a3a979c1caa4a7a143,61,dialogue
dialogue_105789,0x105789,苦戌僧馬,ad57a6a6b9acb0a87dbef7a45da143,15,dialogue
dialogue_10579C,0x10579C,積糧以備戰乃上策也,bf6ec2b3a548b3c6bed4a444a457b5a6a45da143,20,dialogue
dialogue_1057B1,0x1057B1,賣米以籌軍資,a4a7c3a6b9aec9a979bde6a6cca548c477ad78b8eaa143,23,dialogue
dialogue_1057C9,0x1057C9,而就凡器,b0cab2afaba74ca6d3b44ea45abeb9a14da95fa45da149,23,dialogue
dialogue_1057E1,0x1057E1,劍贈英雄,a448a4c45fbc43c3d8ad5eb6afa17aa14da5b2acb0acfcbdcda143,27,dialogue
dialogue_1057FE,0x1057FE,赤此時購弩乃不智也,a8aaa6b9aec9c1caa9b8a444a4a3b4bca45da143,20,dialogue
dialogue_105813,0x105813,遠而必中者持弩而練之,a1b6b0b5bdb56fb16aa9b8a14dbbb7a6d3a5b2a4a4aaccabf9a9b8a6d3bd6da4a7a151a5b2a569a8eebcc4a9f3a5fda143,49,dialogue
dialogue_105848,0x105848,且欲濫竽充數,a6b9a444a648b0a8a14da542b1fdc0ddacf2a552bcc6a151a4c1a4a3a569a8faa4a7a143,36,dialogue
dialogue_10586D,0x10586D,軍此為西域之大宛良馬,77ad78a6b9acb0a6e8b0eca4a7a46aa97ba87db0a8a151a979c1caa4a7a548a552ad78b3c6a143,39,dialogue
dialogue_105899,0x105899,請選派執行土地開發的武將,afa17abdd0bfefaca3b0f5a6e6a467a661b67db56faabaaa5ab14ea149,29,dialogue
dialogue_1058CD,0x1058CD,發展的武將,b7a6d3bdd0aca3a5f4b0d3b77eb56fae69aabaaa5ab14e,23,dialogue
dialogue_1058E5,0x1058E5,制請選擇擔任治水防洪的武將,69a8eebdd0bfefbedcbee1a5f4aa76a4f4a8beac78aabaaa5ab14e,27,dialogue
dialogue_105904,0x105904,請選派加厚城牆任務的武將,bdd0bfefaca3a55bab70abb0c0f0a5f4b0c8aabaaa5ab14e,24,dialogue
dialogue_10593D,0x10593D,請指定燒殺搜刮任務的武將,a8a151bdd0abfca977bf4eb1feb76aa8eda5f4b0c8aabaaa5ab14e,27,dialogue
dialogue_105987,0x105987,調整新稅率為,4ebdd5bee3b773b57cb276acb00606257328256429,21,dialogue
dialogue_10599D,0x10599D,將請選擇欲要交易的商品,5ab14ebdd0bfefbedcb1fdad6ea5e6a9f6aabab0d3ab7ea148,25,dialogue
dialogue_1059B8,0x1059B8,請派出買米的武將,bdd0aca3a558b652a6ccaabaaa5ab14e,16,dialogue
dialogue_1059DD,0x1059DD,發請選派購置武將兵器的武將,49b56fbdd0bfefaca3c1cab86daa5ab14ea74cbeb9aabaaa5ab14e,27,dialogue
dialogue_1059F9,0x1059F9,燒請指派購置弩箭的武將,77bf4ebdd0abfcaca3c1cab86da9b8bd62aabaaa5ab14e,23,dialogue
dialogue_105A11,0x105A11,請指派購買馬匹的武將,d8ab65bdd0abfcaca3c1cab652b0a8a4c7aabaaa5ab14e,23,dialogue
dialogue_105A2C,0x105A2C,此種挑撥離間難以有成,a1b3bb50a1afa650b7f9a477a45ba14dbfcba670a553a7cca151a6b9bad8ac44bcb7c2f7b6a1c3f8a548a6b3a6a8a143,48,dialogue
dialogue_105A5F,0x105A5F,事成則無猛士為輔,71a4b5b14bbb50a1b3a440aed1a14db1d0b1fea1afa143a8c6a6a8ab68b54cb272a468acb0bbb2a14da5e7baa5a569b9cfa146a8c6a4a3a6a8a14dab68a1afa5b2b1fea1b3a143a6b9a444a179a447aaeac476adb9a4a7ad70a17aa45da143,95,dialogue
dialogue_105ABF,0x105ABF,吾主特命吾來傳遞一密書,60a75ea544af53a952a75ea8d3b6c7bbbca440b14baed1a143,25,dialogue
dialogue_105ADC,0x105ADC,竟敢謀我城池,a1afa4c7a4d2a149b3bab4b1bfd1a7daabb0a6c0a149a75ea5b2b1fea6bca149,32,dialogue
dialogue_105AFD,0x105AFD,溘驉陰,b7c2f7a1b3b14ea249b14baed1bb50a1afacdda143,21,dialogue
dialogue_105B13,0x105B13,此乃賊欲令我二人不和耳,4ba6b9a444b8e9b1fda54fa7daa447a448a4a3a94da6d5a149,25,dialogue
dialogue_105B2D,0x105B2D,誓不為此不義之事,4cb272a553a4c5bc7ea143a1b3bb7da4a3acb0a6b9a4a3b871a4a7a8c6a143a6b9a249aea3a741a7daa650bfd1a5efa4a7a14dac47a5cea6b9ad70a14da8cfa7daa8e2a448a6dbacdba75da8d6a14da9bcab6fa9f3a4a4a8faa751a143,93,dialogue
dialogue_105B8C,0x105B8C,主公以一信煽動其人,a1b3ab44a45ba97ea448a455a4a7bdfaa14da542a4b5a55cb0aabe5fa544a14da1afa477b05fbac3a4dfa143a544a4bda548a440ab48bab4b0caa8e4a448a14da5b2a5cdb2a7a4dfa15120bcc4a4baa6dbb6c3a143,85,dialogue
dialogue_105BE2,0x105BE2,君臣心意相通,a4c5a1b3a444a9beab69a4a7a468a14da45ba8c6a1afa14da767a6daa4dfb74eacdbb371a151a6b9a448a5b2a4a3bfd1a4cfa143,52,dialogue
dialogue_105C17,0x105C17,君以千里之眾,70a4b5a4d1a455a4c0b159a14dad5eb6afa8c3b05fa14da767a548a464a8bda4a7b2b3a14da6d3a8fca8eea9f3a448a14da4a3a5e7bbc0a547a148,59,dialogue
dialogue_105C53,0x105C53,肯從吾者在此,a4a5aaa56ba149a1afa4a3a4afa14da75eb14eb051a4a7a143aad6b171a75eaacca662a6b9a14da4a3b171aacca6dba568a149,51,dialogue
dialogue_105C87,0x105C87,豈可行此背主之事,a5a75eab44b54cb871a4a7a448a14db05aa569a6e6a6b9ad49a544a4a7a8c6a149,33,dialogue
dialogue_105CA9,0x105CA9,此雕蟲小技必為識破,a468a1a1b3aaf8a9f3c576bfd1a14daddda6b3a1afb942c477b163d8f2a151a6b9c04ac2cea470a7dea5b2acb0c3d1af7da143,51,dialogue
dialogue_105CDD,0x105CDD,此計必可令賊自相讎殺,a14dada1b3a444a440ab69a4a7a4d2a14da4a3c3d1bef7b14ba143a6b9ad70a5b2a569a54fb8e9a6dbacdbf841b1fea143,49,dialogue
dialogue_105D0F,0x105D0F,若看見上面要害之處,49a544a4bdbfcbb5a7a740a440aed1a14db3e6bb50a249a14da4a4a5a1c261c467a672bccba14da9f3ad6eae60b342a146a6dba6e6b6eea9d9a7efa9f6a14db54dabe1abcab065bb50a249a14dac47b74ea8cfa1b3aabea4a7a14da8e4a5b2afc1aed1a8d3acdda143ad59acdda8a3a457adb1ad6eae60a4a7b342a14dbac9acd2a7efa9d9a143a575b271ac4fa249aea3a1b3aabeacc6bef7b14ba8c6a14da6dba6e6a7efa9d9a146bac3ab68a5b2a5cdb6c3a143,181,dialogue
dialogue_105DC5,0x105DC5,甚妙,b1fea1a6b9ad70acc6a7aea143,13,dialogue
dialogue_105DD3,0x105DD3,如何都改抹糊塗,a7aed1a457a670a6f3b3a3a7efa9d9bd6bb6eea148,21,dialogue
dialogue_105DE9,0x105DE9,朧早鴟悁,c467a6adecaed1a670a6b9a14da4a3aabea6f3ac47a143,23,dialogue
dialogue_105E01,0x105E01,必是汝怕我知了詳細,a9d9a7b05aa6b3a548aff3bd5ab065bb50a448ad43a148a5b2ac4fa6bca9c8a7daaabea446b8d4b2d3a14da5fda7efa9d9a446a143a75ebb50a6bca8d6a44fb1feb8e9a14da960a6f3a9bfa5cdb2a7a4dfa148,83,dialogue
dialogue_105E55,0x105E55,蟲小技欲欺吾耶,ac4fa2a6b9b5a5c04ac2cea470a7deb1fdb4dba75ead43a148,25,dialogue
dialogue_105E70,0x105E70,足智多謀,a1b3a8acb4bca668bfd1a14dc3f8a548b4dba4a7a143,22,dialogue
dialogue_105E87,0x105E87,除我一心腹大患也,aea1b3b54cbfd1a14da5b2acb0a9d2b462a151a6dbc25fa8e4c175a14db0a3a7daa440a4dfb8a1a46ab177a45da149,47,dialogue
dialogue_105EB7,0x105EB7,今特冒生命危險前來通報將軍,43a45bbc7db14ead78a4a7abc2a14da4b5af53ab5fa5cda952a64dc049ab65a8d3b371b3f8b14ead78a14da1afa6b3bb50b8e9a4c4b5b2a4a7b6fba143,61,dialogue
dialogue_105EF5,0x105EF5,反賊如此無禮耶,d6a44fa4cfb8e9a670a6b9b54cc2a7ad43a149,19,dialogue
dialogue_105F09,0x105F09,到帳下,dfa148a1b3a759b3eaa1afa8ecb162a455a143,19,dialogue
dialogue_105F20,0x105F20,我欲使汝為先鋒,a7dab1fda8cfa6bcacb0a5fdbe57a143,16,dialogue
dialogue_105F31,0x105F31,尚未曾練熟,dba4a7ad78a97ca5bcb4bfbd6dbcf4a14da4a3a569bbb4b669a143,27,dialogue
dialogue_105F4D,0x105F4D,其軍若練熟,5fa8e4ad78ad59bd6dbcf4a14da75eadbaafc5c46da9f3a249a86fa149a5aaa56ba149b1c0a558b1d9a4a7a149,45,dialogue
dialogue_105F7B,0x105F7B,吾豈會中計,5fa6b9a444a179adc9a44db1fea448a17aa4a7ad70a75fa148a75eb05ab77ca4a4ad70a149,37,dialogue
dialogue_105FD0,0x105FD0,明公何足慮也,a1b3a444b54cbfd1a4a7bdfaa14da9faa4bda6f3a8acbc7ba45da148a6b9ad70a440ac49a14da8e4a4baa5b2b6c3a143,48,dialogue
dialogue_106001,0x106001,此計不易成也,78ad59a1ada8bea675c459b14ba14da6b9ad70a4a3a9f6a6a8a45da143,29,dialogue
dialogue_10601F,0x10601F,可乘機壞其城壁,49a1b3a4a3aabea75ea4e8a5ceb6a1a14da569adbcbef7c361a8e4abb0bec0a143,33,dialogue
dialogue_106041,0x106041,苦肉計必瞞不得他,5fa148a1b3aaf8a9f3c576bfd1a14dbaeba9f3a74cb5a6a151ad57a6d7ad70a5b2bf66a4a3b16fa54ca143,43,dialogue
dialogue_10606D,0x10606D,用須一人為我行詐降耳,51a5ceb6b7a440a448acb0a7daa6e6b642adb0a6d5a143a670a4a3a8fca8c7ad57a14da1b3a670a6f3aad6ab48a148,47,dialogue
dialogue_10609D,0x10609D,不如納降為萬安之策,a6f3a8a1b3bed6a6cab855a4a7b2b3a14dadc9a4d1a46ca4a7a657a14da548a9baa57ca4e8a14db6d5a4a3a569b7eda143a548b74da4a7ad70a14da4a3a670afc7adb0acb0b855a677a4a7b5a6a143,79,dialogue
dialogue_1060ED,0x1060ED,汝趕出此言,adbcbea4b5a8e2ad78acdbbcc4a4a7bbdaa14da6bcbbb0a558a6b9a8a5a14dba43a7daad78a4dfa14da4a3b1d9a6bcadbaa14dc3f8a548aa41b2b3a149,61,dialogue
dialogue_10612B,0x10612B,但於軍不利,b6a249b86fa954b7edb8dda14da6fda9f3ad78a4a3a751a14db1e6a9faa4bdbc65aea4a14dc576a542b04fb86fa143,47,dialogue
dialogue_10615B,0x10615B,不看眾官面皮,a1ad59a4a3acddb2b3a978adb1a5d6a14da84db6b7b1d9adbaa149a4b5a542a74ba6baa149a5aaa56ba149a5b4a440a6caafe1a7faa14da548a5bfa8e4b86fa149,65,dialogue
dialogue_10619D,0x10619D,亦乃一方大將,b855a6a75ea5e7a444a440a4e8a46ab14ea14da4b5b351a1afa9f3b2b3b14ea4a7ab65a14db54cbaddac72a5b420a14da4a3b3d3a9c1abeba143ac47b1fda7ebadb0a9faa4bda14dacb0b3f8f841a4a7ad70a143,84,dialogue
dialogue_1061F4,0x1061F4,吾自幼孰讀兵書,a75ea6dba5aeb145c5aaa74caed1a14db260aabea66cb0b0a4a7b944a143,30,dialogue
dialogue_106213,0x106213,如嬰兒之望父母,78a75eb6c9a4dfa7ebadb0a14da670c0a6a8e0a4a7b1e6a4f7a5c0a14db05aa6b3b642a547a148,39,dialogue
dialogue_10623B,0x10623B,若汝能建大功,e1ac59a8a3a8c6a4a3a9faa14dbb7ea5c7b44cc343a14da9afa4c5b1bec368a143ad59a6bcafe0abd8a46aa55ca14da54ca4e9a8fcc0efa14da5b2a662bdd1a448a4a7a457a143,71,dialogue
dialogue_106283,0x106283,卻敢來戲侮我耶,a1a249a5cead57a6d7ad70a14db44ea4a4a8faa8c6a14dab6fb4b1a8d3c0b8ab56a7daad43a149a5aaa56ba149b1c0a558b1d9a4a7a149,55,dialogue
dialogue_1062BB,0x1062BB,一有風吹草動無不入其耳,b9bcc4ad78a4d3a675b7a5acb0baeba9faa14da440a6b3adb7a76aaff3b0cab54ca4a3a44aa8e4a6d5a146a1b3b1fda4f5a8e4bf6ea14db9eaacb0c3f8a86fa143,65,dialogue
dialogue_1062FD,0x1062FD,此乃釜底抽薪之計也,a14da9a4f5bcc4a4a7c2b3addca14da548c25fbcc4a4a7a5cdad70a14dae7aa8e4bed4a44fa146a6b9a444b079a9b3a9e2c17ea4a7ad70a45da143,59,dialogue
dialogue_106339,0x106339,必不為明公所用,ad70a1a1afa9bea9f3a1b3a477a45ba14da5b2a4a3acb0a9faa4bda9d2a5cea143,33,dialogue
dialogue_10635B,0x10635B,命一將軍為使,56a1afb9efa1b3a4a3baa1a477a45ba14da952a440b14ead78acb0a8cfa14da6b9a448a5b2adb0a86fa143,43,dialogue
dialogue_106387,0x106387,將軍別來無恙乎,40b14ead78a74fa8d3b54cae7ea547a148,17,dialogue
dialogue_106399,0x106399,故不忍以健將決死戰,e4a6d5a4bda4a7ab69b2a4a14da540a9d2a875a8a3a146a75ea544a444b7eda540ad5eb6afa14da8e4a66ebde5c2a7a468a14da4d1a455a9d2aabea45da146a4b5a4e9b07dab65a8a3a4bda4a7ab69a14da451a4c0b771b752a14dac47a4a3a7d4a548b0b7b14ea84da6babed4a14daf53bbbaa7cca8d3a95ec1dca143a4bdb05aa4a3bb44a179a87db856bedca4eca6d3b4cfa14dbde5a6dabedca544a6d3a8c6a17ab94aa569a8c6a4a7a544a14da6d3a5e6c175a5a2a4a7a14dab44a456a4d2a45da143,197,dialogue
dialogue_10645F,0x10645F,願從公言,46c440b171a4bda8a5a143,11,dialogue
dialogue_10646B,0x10646B,不忍背棄,5ea75ea8c6a1b3a4e9a45ba14da4a3a7d4ad49b1f3a143,23,dialogue
dialogue_106483,0x106483,鴃祟儔鞳酗擗,bea1afa9bea9f3a1b3a4e9a45ba14da5b2a4a3a4cfab71a143,25,dialogue
dialogue_10649D,0x10649D,只需憑尺書結為內應,c0b771a6b9a448a65dbde0bde7a4a3a7a1a14da4dfc368a4cfb74ea477a45ba151a575bbddbecca4d8aed1b5b2acb0a4bac0b3a14da8c6a5b2a6a8a86fa143,63,dialogue
dialogue_1064DD,0x1064DD,今乃為叛賊之臣,d3b4cfb14ead78a656acb0ba7ea6daa14da4b5a444acb0ab71b8e9a4a7a6daa151a9f5a4e9a4a7a55ca14da4c6acb0af51a6b3a14dc5d1acb0b14ead78a4a3a8faa45da143a4b5a4a3a6adb9cfa14daeaca4a7b54ca4cea143,89,dialogue
dialogue_106537,0x106537,明公若有舉動,bea75eb1fdc26bba7ea14dabebb54caaf9a6d5a143a9faa4bdad59a6b3c17cb0caa14dac59b7edacb0a4bac0b3a143,47,dialogue
dialogue_106567,0x106567,為萬世所唾棄耶,68a6bcb1fda4dea75ead49a544a14dacb0b855a540a9d2b3e8b1f3ad43a148a75ea4a3b1fea6bca14db374b374c2f7a568a143,51,dialogue
dialogue_10659B,0x10659B,此去必定無成,b1a75ec65ba4d1b648a14da1afb14eac50a5bfa9f4a14da6b9a568a5b2a977b54ca6a8a143,37,dialogue
dialogue_1065C1,0x1065C1,見一將星欲墮,a14da4ac59a95dc65ba4d1b648a14da8a3a440b14eac50b1fdbc5aa143a548a4c0b3a5abd7a4a7a14db7edc0b3a662a1afa143,51,dialogue
dialogue_1065F5,0x1065F5,欲礎撐它韝,b1fdc2a6bcb5a5a6f3a448a148,13,dialogue
dialogue_106603,0x106603,在此射鹿,a6a444a1b3ad78a468a45da143a662a6b9ae67b3c0a143,23,dialogue
dialogue_10661B,0x10661B,吾等奉主命特來取汝性命,a4a1afa4c7a4d2a149a75eb5a5a95ea544a952af53a8d3a8faa6bca9caa952a149,33,dialogue
dialogue_106647,0x106647,何故假冒軍士於此,a6a6bcab44a75ead78a4a7a448a149a6f3ac47b0b2ab5fad78a468a9f3a6b9a149aa5aa468a149b665aeb7a6b9a448a14dc459a55babfeb0dda149,59,dialogue
dialogue_106685,0x106685,天隆,a4d1b6a96da140a140a657,11,dialogue
dialogue_1066BE,0x1066BE,忖姓,a6a4a96da140a140a657a140a57ea1400663af6801,21,dialogue
dialogue_1066E8,0x1066E8,士兵數,a96da140a140a657a140a468a74cbcc6a140a74cbad8a1400663af6801,29,dialogue
dialogue_106706,0x106706,坐姓,a7a4a96da140a140a657a140a74ca1400663af6801,21,dialogue
dialogue_10671C,0x10671C,狀態,a96da140a140a65720aaacba41,13,dialogue
dialogue_106799,0x106799,名在野,40a657a662b3a5,7,dialogue
dialogue_1067A1,0x1067A1,數君主,4cbcc6a767a544,7,dialogue
dialogue_106814,0x106814,放棄,a9f1b1f3,4,dialogue
dialogue_10681A,0x10681A,活決定,aca1a84da977,6,dialogue
dialogue_10686E,0x10686E,種寶,bad8c45f20aaab20a65720bad9,13,dialogue
dialogue_106895,0x106895,種尚未同盟,4cbad8a97ca5bca650b7f9,11,dialogue
dialogue_1068A1,0x1068A1,攻守同盟,400663a7f0a675a650b7f9,11,dialogue
dialogue_1068C3,0x1068C3,人佔管,f3b54ca448a6fbbade,9,dialogue
dialogue_1068FB,0x1068FB,選擇要實施的兩個國家,c6bdd0a4c0a74fbfefbedcad6eb9eaac49aabaa8e2add3b0eaae61a149,29,dialogue
dialogue_10691A,0x10691A,種請選擇兩位擔任密使的武將,bad8bdd0bfefbedca8e2a6ecbee1a5f4b14ba8cfaabaaa5ab14ea149,28,dialogue
dialogue_1069ED,0x1069ED,進行驅狼吞虎的郡縣,b14ea1bdd0bfefbedcad6eb669a6e6c558af54a75daaeaaabab070bfa4a149,31,dialogue
dialogue_106A0D,0x106A0D,請選擇實施此計的武將,4d0663bdd0bfefbedcb9eaac49a6b9ad70aabaaa5ab14ea149,25,dialogue
dialogue_106BA0,0x106BA0,請選擇實施此計擔任使者的武將,bdd0bfefbedcb9eaac49a6b9ad70bee1a5f4a8cfaaccaabaaa5ab14ea149,30,dialogue
dialogue_106BCC,0x106BCC,將偽書送往,0663257301b14eb0b0aed1b065a9b90606257301b342a149,24,dialogue
dialogue_106C1C,0x106C1C,請選擇要進行借刀殺人的郡縣,bdd0bfefbedcad6eb669a6e6adc9a44db1fea448aabab070bfa4a149,28,dialogue
dialogue_106CEB,0x106CEB,進行混水摸魚的郡縣,bfbdd0bfefbedcad6eb669a6e6b256a4f4ba4eb3bdaabab070bfa4a149,29,dialogue
dialogue_106D09,0x106D09,進行混水摸魚之計,0663250663257301a6dc06062573b07001b669a6e6b256a4f4ba4eb3bda4a7ad70a149,35,dialogue
dialogue_106D4B,0x106D4B,請選擇要進行破壞城牆的郡縣,4dbdd0bfefbedcad6eb669a6e6af7dc361abb0c0f0aabab070bfa4a149,29,dialogue
dialogue_106DA9,0x106DA9,水請選擇要進行苦肉計的郡縣,56a4f4bdd0bfefbedcad6eb669a6e6ad57a6d7ad70aabab070bfa4a149,29,dialogue
dialogue_106DC7,0x106DC7,武將,b0ac59aa5ab14e,7,dialogue
dialogue_106DCF,0x106DCF,進行苦肉計,560663257301a6dc06062573b07001b669a6e6ad57a6d7ad70a149,27,dialogue
dialogue_106E0C,0x106E0C,請選擇要進行燒糧的郡縣,bdd0bfefbedcad6eb669a6e6bf4ec2b3aabab070bfa4a149,24,dialogue
dialogue_106E4F,0x106E4F,進行燒糧之計,700663257301a6dc06062573b07001b669a6e6bf4ec2b3a4a7ad70a149,29,dialogue
dialogue_106E6D,0x106E6D,進行誘降的郡縣,ad6eb6bdd0bfefbedcad6eb669a6e6bba4adb0aabab070bfa4a149,27,dialogue
dialogue_106E8A,0x106E8A,請選擇要誘降的目標武將,5606bdd0bfefbedcad6ebba4adb0aabaa5d8bcd0aa5ab14ea149,26,dialogue
dialogue_106EA6,0x106EA6,請選擇實施此計擔任密使的武將,0606bdd0bfefbedcb9eaac49a6b9ad70bee1a5f4b14ba8cfaabaaa5ab14ea149,32,dialogue
dialogue_106EEC,0x106EEC,誘降成功,bba4adb0a6a8a55ca149,10,dialogue
dialogue_106F05,0x106F05,進行策反的郡縣,a446a1bdd0bfefbedcad6eb669a6e6b5a6a4cfaabab070bfa4a149,27,dialogue
dialogue_106F21,0x106F21,策反的目標武將,a4a7adbdd0bfefbedcad6eb5a6a4cfaabaa5d8bcd0aa5ab14ea149,27,dialogue
dialogue_106F3D,0x106F3D,此計擔任密使的武將,b070bfbdd0bfefbedcb9eaac49a6b9ad70bee1a5f4b14ba8cfaabaaa5ab14ea149,33,dialogue
dialogue_106F84,0x106F84,策反成功,b5a6a4cfa6a8a55ca149,10,dialogue
dialogue_106F9D,0x106F9D,進行暗殺的郡縣,a6e6bbbdd0bfefbedcad6eb669a6e6b774b1feaabab070bfa4a149,27,dialogue
dialogue_106FB9,0x106FB9,暗殺的目標武將,a5a2b1bdd0bfefbedcad6eb774b1feaabaa5d8bcd0aa5ab14ea149,27,dialogue
dialogue_10700C,0x10700C,進行暗殺,0663257301b9ef0606257301b669a6e6b774b1fea149,22,dialogue
dialogue_1070D8,0x1070D8,電腦托管的郡縣,bdd0bfefbedcad6e2006c2b35da977a1feb8d1b0a30120b971b8a3a6abbadeaabab070bfa4a149,39,dialogue
dialogue_107100,0x107100,此人並非貪財之徒,a6b9a448a8c3ab44b367b05da4a7ae7ba14da5b2b54ca9d2a6a8a143,28,dialogue
dialogue_10711F,0x10711F,此人必往,f4a548a751bba4a4a7a14da6b9a448a5b2a9b9a143,21,dialogue
dialogue_107135,0x107135,吾主特令吾贈與將軍千金,a4a149a45bbb44b14ead78a4a7abc2a657a14da75ea544af53a54fa75ec3d8bb50b14ead78a464aaf7a14dc440b14ead78acdba755a143,55,dialogue
dialogue_10716D,0x10716D,某願施犬馬之力,257301ac59c440ac49a4fcb0a8a4a7a44fa14da640b9cfa46aa8c6a143,29,dialogue
dialogue_1071B0,0x1071B0,此人如柳下惠再世,a6b9a448a670ac68a455b466a641a540a14da5b2a4a3acb0acfca6e2a9d2bba4a143,34,dialogue
dialogue_1071D3,0x1071D3,獻一美人以收其心,51a1b3b367aa4da66ea6e2a14dc46da440acfca448a548a6aca8e4a4dfa14da9bca5b2acb0a7daa9d2a5cea143a6b9a444a179acfca448ad70a17aa45da143,63,dialogue
dialogue_107213,0x107213,方今天下別無英雄,4ea4e8a4b5a4d1a455a74fb54cad5eb6afa14db1a9a6b3b14ead78a6d5a143a75ea544ab44b771b14ead78a4a7c2bea14db771b14ead78a4a7a47ea45da143,63,dialogue
dialogue_107253,0x107253,吾主欲將此女送與將軍為妾,44a6b9acb0a75ea544a4a7a46ba45da143a75ea544b1fdb14ea6b9a46bb065bb50b14ead78acb0a963a14dc1d9aad6afc7a75fa148,53,dialogue
dialogue_107289,0x107289,某當效犬馬之報,bba4a1ad59b16fa670a6b9a14dac59b7edaec4a4fcb0a8a4a7b3f8a143,29,dialogue
dialogue_1072A7,0x1072A7,但恐名譽不立,a8a4d1a455a46ba46ca4a3a4d6a14da6fdaea3a657c541a4a3a5dfa14da6f3b177b54ca964a547a148,41,dialogue
dialogue_1072D1,0x1072D1,公欲以一馬誘之,a4b5a4a544a4bdb1fda548a440b0a8bba4a4a7a148a6b9a448a5b2a4a3adb0a45da143,35,dialogue
dialogue_1072F5,0x1072F5,公欲取天下,b14eada544a4bdb1fda8faa4d1a455a14da6f3b1a4a440b0a8a148,27,dialogue
dialogue_107311,0x107311,今有良馬一匹,acb0a7b14ead78a74fa8d3b54cae7ea148a4b5a6b3a87db0a8a440a4c7a14da4e9a6e6a464a8bda14db4e7a4f4b56ea473a14da670bc69a5ada661a146af53c46dbb50b14ead78a14da548a755aaeaabc2a143,83,dialogue
dialogue_107365,0x107365,將何以為報,a455a4a553bde7a6b9a87dbe73a14db14ea6f3a548acb0b3f8a148,27,dialogue
dialogue_107381,0x107381,為何今日屈居於庸才之下,b177b5b14ead78a6b3c0baa4d1be72aefca4a7a47ea14da57caefcb145a4a3b4dcb771a148a55ca657b449b651a14da670b1b4c56ea8faaaaba146acb0a6f3a4b5a4e9a97da97ea9f3b165a47ea4a7a455a148,83,dialogue
dialogue_1073D8,0x1073D8,恨不逢其主耳,abeba4a3b37ba8e4a544a6d5a143,14,dialogue
dialogue_1073E7,0x1073E7,良禽擇木而棲,64a179a87db856bedca4eca6d3b4cfa14dbde5a6dabedca544a6d3a8c6a17aa8a3bef7a4a3a6ada14daeaca4a7b1dfa86fa143a75ea767a1b3acb0a448b771bde5c2a7a468a14dbde0bb40a4c0a9faa14db2d7a6a8a46ab77ea143,91,dialogue
dialogue_10744B,0x10744B,如旱苗之得甘雨也,7ca1b3a4b5b16fb14ead78a14da670a7f2ad5da4a7b16fa5ccab42a45da143,31,dialogue
dialogue_10748B,0x10748B,必不為所動,a4a1b3a4dfad59bd59a5dba14da5b2a4a3acb0a9d2b0caa143,25,dialogue
dialogue_1074A5,0x1074A5,必能說得,b4cfa1a1afa6b9a568a14da5b2afe0bba1b16fa1b3a8d3adb0a143,27,dialogue
dialogue_1074C1,0x1074C1,願贈與明公,aeaca4a75ea544b773b16fa243a14dc440c3d8bb50a9faa4bda14da548b5b2a4cda66ea143,37,dialogue
dialogue_1074E7,0x1074E7,某豈可不以死力效之,a1a6bca544c3d8a6b9ab70aea6a14dac59b05aa569a4a3a548a6baa44faec4a4a7a148,35,dialogue
dialogue_107533,0x107533,素以孤傲聞名,a8a6b9a448afc0a548a974b6c6bb44a657a14da759a8cfa9faa4bdbfcba9b9a14da5e7a4a3b0caa4dfa143,43,dialogue
dialogue_107560,0x107560,明公可親往求之,a6b9a448a4a3a569a97dad50a14da9faa4bda569bfcba9b9a844a4a7a143ad59b16fa6b9a448a14db54cb2a7a950b16fa766b1e6a14dba7eb16fb169a87da45da143,66,dialogue
dialogue_1075A3,0x1075A3,公乃忠義之士,a6a4b5ba7eabc7b54ca544a14dc576a6dabed5c576a14db4dba767ae60a5c1a14da4d1a455a4c1bea6a143a1b3b1fda44fa7dfaac0bd5ea14dabeba44fa4a3a8aca143a4bda444a9beb871a4a7a468a14db4b1a844acdba755a143,91,dialogue
dialogue_107600,0x107600,唯先生開其愚而拯其厄,ba7eabc7b6c9c05aa14da66ca6dac5d1a952a14da1b3a4a3b671a44fa14db1fda6f9a46ab871a9f3a4d1a455a14da6d3b4bcb34eb24cb575a14da8b4b54ca9d2b44ea143b0dfa5fda5cdb67da8e4b74da6d3ac40a8e4a4cca14db9eaacb0b855a9afa143,100,dialogue
dialogue_107665,0x107665,願先生以天下蒼生為念,c7b54ca46aa456a4d2a9eab867a540a95fa47ea14db05aa569aac5a6d1a9f3aa4cac75a4a7a455a149c440a5fda5cda548a4d1a455bb61a5cdacb0a9c0a14db67da1b3b74dbe7ca6d3bde7b1d0a143,79,dialogue
dialogue_1076B5,0x1076B5,恨未遇英雄耳,a14da6a75ea6b3ac4fa4dfa45ba86fa14dabeba5bcb94aad5eb6afa6d5a143,31,dialogue
dialogue_1076D5,0x1076D5,將軍奈何舍美玉而求頑石乎,a4d1a4a1afa444a440afd1a4d2a6d5a14da677b4b1bdcda4d1a455a8c6a148b14ead78a960a6f3aad9acfca5c9a6d3a844b978a5dba547a148,57,dialogue
dialogue_10770F,0x10770F,眾卿有何意見,a1a75eb1fda8faa1ada477a45ba14db2b3adeba6b3a6f3b74ea8a3a148,29,dialogue
dialogue_10772D,0x10772D,老底荓悀,a6d1a9b3d3b1d1a444a74cae61b160a8c6a14da4a3a5b2acb0bc7ea143,29,dialogue
dialogue_10774B,0x10774B,此兵家必勝之道也,aca74caaccb8deb944a45da143ac47afe0a6d3a5dca4a7a4a3afe0a14da5cea6d3a5dca4a7a4a3a5cea14daaf1a6d3a5dca4a7bbb7a143a751a6d3bba4a4a7a14db6c3a6d3a8faa4a7a14db9eaa6d3b3c6a4a7a14db16aa6d3c1d7a4a7a14dabe3a6d3bcb8a4a7a14da8f5a6d3c5baa4a7a14da748a6d3b3d2a4a7a14dbfcba6d3c2f7a4a7a14da7f0a8e4b54cb3c6a14da558a8e4a4a3b74ea14da6b9a74cae61a5b2b3d3a4a7b944a45da143,173,dialogue
dialogue_1077F9,0x1077F9,其次伐交,a14da4a457a74ca5efbfd1a14da8e4a6b8a5efa5e6a14da8e4a6b8a5efa74ca14da8e4a455a7f0abb0a143,43,dialogue
dialogue_107825,0x107825,故兵不頓而利可全,a14daab5bda5cea74caacca14da97da448a4a7a74ca14da6d3ab44bed4a45da151a9dea448a4a7abb0a14da6d3ab44a7f0a45da151b7b4a448a4a7b0eaa14da6d3ab44a45ba45da143a5b2a548a5feaaa7a9f3a4d1a455a14dac47a74ca4a3b979a6d3a751a569a5fea143,107,dialogue
dialogue_107891,0x107891,不知彼而知己,a4a3b7aabea476aabea9bca14da6cabed4a4a3ac70a151a4a3aabea9bca6d3aabea476a14da440b3d3a440ad74a151a4a3aabea9bca14da4a3aabea476a14da843bed4a5b2b1d1a143,73,dialogue
dialogue_1078DB,0x1078DB,故能自保而全勝也,aba4a3a569b3d3aacca14da675a45da151a569b3d3aacca14da7f0a45da143a675ab68a4a3a8aca14da7f0ab68a6b3be6ca143b5bda675aacca14dc2c3a9f3a445a661a4a7a455a151b5bda7f0aacca14db0caa9f3a445a4d1a4a7a457a151ac47afe0a6dbab4fa6d3a5feb3d3a45da143,113,dialogue
dialogue_10794D,0x10794D,是故勝兵先勝而後求戰,a3b7aab5bdbed4aacca14da5dfa9f3a4a3b1d1a4a7a661a14da6d3a4a3a5a2bcc4a4a7b1d1a45da143ac4fac47b3d3a74ca5fdb3d3a6d3abe1a844bed4a14db1d1a74ca5fdbed4a6d3abe1a844b3d3a143,81,dialogue
dialogue_10799F,0x10799F,之國而以為樂,a1a5efa448a4a7b0eaa6d3a548acb0bcd6a14dab44a4afaacca4a7a74ca45da143,33,dialogue
dialogue_1079C1,0x1079C1,則忖狴峓,ab68a6a4d2a5cea74ca4a7b944a14da179a7f0a4dfacb0a457a14da7f0abb0acb0a455a151a4dfbed4acb0a457a14da74cbed4acb0a455a143a17a,59,dialogue
dialogue_1079FD,0x1079FD,今時值秋涼,a6d3a5bcc4a74cbcc6a6b8ab49acc9a14db9f0a5c7a4a4adeca14dad59a4a3b6cfb0a3a14dabe1a5b2acb0b177a143a4b5aec9adc8aceeb244a14da448b0a8a677b6a220a14da5bfb7eda9baa5efa143,80,dialogue
dialogue_107A4E,0x107A4E,求臣存畜軍士,a844a6daa673af62ad78a468a14da477b94cbcc6b8fca151a4b5c2b3aff3c2d7a8aca14dad78beb9a7b9b3c6a14da448b0a8b6afa7a7a14da569a548a5efb8e9a143,66,dialogue
dialogue_107A91,0x107A91,攻今敵有隙可乘,4da7f0a4b5bcc4a6b3bbd8a569adbca14da4a3b44ea6b9aec9a5efa4a7a14da7f3abdda6f3aec9a148,41,dialogue
dialogue_107ABB,0x107ABB,今若火速進兵,c6a74caa6ba4aaa147a179a7f0a8e4b54cb3c6a14da558a8e4a4a3b74ea143a17aa4b5ad59a4f5b374b669a74ca14da8cfbcc4a4a3afe0b4a3a8bea14da5b2b54da5feb3d3a86fa143,73,dialogue
dialogue_107B05,0x107B05,吾兵乃久經訓練之眾,efa143a4bdb5a5a5f0aaf8a54ca448be55aef0a14db7c0a6dba476abc2adb7a149a75ea74ca444a45bb867b056bd6da4a7b2b3a14da55ba548c2b3afb0a552a84ba14db05aa6b3a4a3b3d3a4a7b27aa148,81,dialogue
dialogue_107B57,0x107B57,況今軍思效死,a5a4b5be69a74ca4e9a45ba151a4a3bed4ab68c369a14dc369ab68ad50af66a143aa70a4b5ad78abe4aec4a6baa14db14eabe4a5cea952a143a6daa670a4a3b3d3a14db7eda8fca6bab86fa143,77,dialogue
dialogue_107BF3,0x107BF3,今只宜修文偃武,a1ab65bcc6bfb3a74ca14dad78a44faf68b1cda14dc2b3a453a4a3c47ea151a4b5a575a979add7a4e5b0b3aa5aa14dbc57b35dbec7aed5a14da548a677a5c1a4dfa151bd77b9cfa6d3b669a14da5bca569b0caa74ca45da143,89,dialogue
dialogue_107C4D,0x107C4D,此乃保國之計也,a670a4a4b5a75eb0eabffac2b3b24cc1a1a14da4a3a979bbb7a9baa151a4a3a670bedac049a675ad6ea14dabf2ad78b752a5c1a143a6b9a444ab4fb0eaa4a7ad70a45da143,69,dialogue
dialogue_107C93,0x107C93,將軍猶欲行強為之事,d3b373a67ea9baa5efa14dad78a5c1a4a3b9e7a151adddbcc4b14ea8acb4bca668bfd1a14dab44b5a5b6a2a4a7bdfaa151b14ead78b553b1fda6e6b16aacb0a4a7a8c6a14da6b9ac59a9d2a548a4a3b4b1ad65a650a45da143,89,dialogue
dialogue_107CED,0x107CED,若不審時勢而輕進,d3b669bcc4b14ea8acb4bca668bfd1a14da7dab5a5a575a569a6dba675a151add4a8e4a4baa6b3c5dca14da4e8a569b9cfa8faa143ad59a4a3bc66aec9b6d5a6d3bbb4b669a14da6b9a8fab1d1a4a7b944a45da143,85,dialogue
dialogue_107D43,0x107D43,公宜修德以安民,b0a544a4bda979add7bc77a548a677a5c1a14da444acb0a457ad70a143ad59b16ab0caa74ca5d2a14da5bfb553a9dcb3c2b1cfa4f5a14da5b2ad50a6dbb549a45da143c440a544a4bdb9eea4a7a143,79,dialogue
dialogue_107D93,0x107D93,今日將軍又欲出師,a6a6daa95dc65ba4d1a4e5a14da4b5b14eac50b774a6d3a4a3a9faa143a4b5a4e9b14ead78a453b1fda558ae76a14da6b9a6e6acc6ac4fa4a3a751a143a544a4bda569adb0b640a4eea4a7a143,77,dialogue
dialogue_107DE1,0x107DE1,今明公欲以一小忿而起全國之兵,b669a1a74caacca14db0eaa4a7a46aa8c6a14da6baa5cda4a7a661a14da673a460a4a7b944a14da4a3a569a4a3b9eea45da143a4b5a9faa4bdb1fda548a440a470a9c1a6d3b05fa5feb0eaa4a7a74ca14dab44a4fdb944a45da143,91,dialogue
dialogue_107E3D,0x107E3D,將不可以慍致戰,b9eea4a544a4a3a569a548abe3bfb3ae76a14db14ea4a3a569a548b759ad50bed4a143abe3a569a548b45fb3dfa14db759a569a548b45faeaea143a460b0eaa4a3a569a548b45fa673a14da6baaacca4a3a569a548b45fa5cda143,91,dialogue
dialogue_107E99,0x107E99,本州多留兵則不足用,a7a46aa9f5b0aaafaaab4fc3f6a4a4a14da5faaa5abedaaa65a4baa14dacd2b260aedaa954a5bba14da548a5bfa4d1a455a143b669a8aca548b3d3bcc4a14db068a8aca548b0eda675a14dac47c1f6a6b3a778a14db2d7c0d9a46ab77ea143a9faa4bdad59a558a74ca9baa5efa14da5bba67ba668af64a74cab68a4a3a8aca5cea14da4d6af64a74cab68b8e9adbcb5eab146a4a7a151a9faa4bdb16ab1fda7f0a4a7a14da444b1f3a46aa6d3b44ea470a14da568a5bba6d3a844a5bda14da548a677a6d3a9f6a64da45da143c440bcf4abe4a4a7a143,215,dialogue
dialogue_107F71,0x107F71,今又動兵擾民,bfa4d1a1ada4f4a7f2b373a67ea14da448acd2afcaadb9a151a4b5a453b0caa74cc25aa5c1a14da5c1ac4aa5cdabe8a14da74ca6dcc3f8a548a9dabcc4a143a4a3a670af64ad78a662a1ada14da4a3a5b2bb50bed4a143abdda9bca74cc2b3bac9a14da5b2b54da5cdc5dca143,109,dialogue
dialogue_107FE0,0x107FE0,待其有隙而後可動也,b8e9a74ca4e8be55a14da5bca569bbb4bcc4a146a4a3a670a548a45babf9a4a7a14dabdda8e4a6b3bbd8a6d3abe1a569b0caa45da143,54,dialogue
dialogue_108017,0x108017,吾欲先安屬地,bca4b5a4d1a455afc9b6c3a14da75eb1fda5fda677c4dda661a14da548a954a8e4a5bba143a6bcb5a5a6b3a6f3abd8a8a5a148,51,dialogue
dialogue_10804B,0x10804B,恐有亂民揭竿而起之危,a5a1adedd9a7d0c163adaba14da5c1a4dfaf42b0caa14daea3a6b3b6c3a5c1b4a6acf1a6d3b05fa4a7a64da143,45,dialogue
dialogue_108079,0x108079,宜輸糧以備不時之需,a9bca7a4b5a1ada46aafeea14da978b9b1ad78a5c1a14dacd2a6b3c4c8a6e2a143a979bfe9c2b3a548b3c6a4a3aec9a4a7bbdda143,53,dialogue
dialogue_1080AF,0x1080AF,然而糧草不敷使用,a6a1ada448a466b2b3a668a14db14ea74ca4d9a97ea151b54da6d3c2b3aff3a4a3bcc5a8cfa5cea14da544a4bda979a952a448b67dbec1a4a7a143,59,dialogue
dialogue_1080EB,0x1080EB,令軍士四散結營,a5a569a54fad78a468a57cb4b2b5b2c0e7a14da655b342a4d9a5d0a14da548acb0a45bad70a151a548b4c1bf6ec2b3b3c6bed4a14db260aedaa954b8a6a14dc3f8a548b0cab76ea143,73,dialogue
dialogue_108135,0x108135,公仁義及於四方,a4b5a1a544a4bda4afb871a4cea9f3a57ca4e8a14da6caa96da677a97ebcd6b77ea14da4d1a455a57caefcaa40a5ada143a6b9af75a444b855a5c1a4a7a9afa143,65,dialogue
dialogue_108177,0x108177,此乃主公之威,b1a655b070a74cb16ab0a8a7a7a14db0eaaef5a5c1a677a146a6caa96db3ebacb0a179b3f3b5cfa4a7aa76a17aa14da6b9a444a544a4bda4a7abc2a143,61,dialogue
dialogue_1081B5,0x1081B5,四郡糧倉食米充足,c0e7a1b373a67ec2d7a6aca14da57cb070c2b3addcadb9a6cca552a8aca146a75eb0eab5b4b54cafcac2b3a4a7ad57a143,49,dialogue
dialogue_1081E7,0x1081E7,修身齊家治國平天下,a5b874a448a4aaa147a179add7a8adbbf4ae61aa76b0eaa5ada4d1a455a143a17aa544a4bda548a677a4baacb0a5fda14db874a448a5e7acb0b35ca4a7a143,63,dialogue
dialogue_108228,0x108228,吾輩皆駑鈍之才,a75ebdfaacd2be71b677a4a7a47ea14da6f3b4b1a66ba8a5a148b0dfa544a4bdb0a8adbaac4fc2a4a143,42,dialogue
dialogue_108253,0x108253,並無金玉之言以獻主公,a1a455a978a47eb2a8bec7b24ca14da8c3b54caaf7a5c9a4a7a8a5a548c46da544a4bda146ba46b75ca149ba46b75ca149,49,dialogue
dialogue_108285,0x108285,豈是臣下無謀之輩所知,a75eb0bc71b0f3a4a7a8c6a14db05aac4fa6daa455b54cbfd1a4a7bdfaa9d2aabea148b0dfa544a4bdb874b5f4a143,47,dialogue
dialogue_1082B8,0x1082B8,眾卿各述其見,a1b3a9dba74cb652b0a8a14da6d0c16cbaa5c2d7a146a75ea979a94da4a7a148a979bed4a4a7a148b2b3adeba655ad7aa8e4a8a3a143,54,dialogue
dialogue_1082EF,0x1082EF,備英雄也,a6bc42b3c6ad5eb6afa45da14da4b5a4a3a6adb9cfa14dabe1a5b2acb0b177a143,33,dialogue
dialogue_108311,0x108311,何必遷延日月,b24ca1a548a9faa4bda4a7afabaa5aa14dbfb3a74cb051b1e4b8e9a14da9f6a670a4cfb478a14da6f3a5b2be45a9b5a4e9a4eba148,53,dialogue
dialogue_108347,0x108347,他日必死於小人之手,acae5db5a6a4a3a8acc4dfa45da143bbb4a6d3b54cb3c6a14da9caabe6a4d6bfd1a14da444a4c7a4d2a4a7ab69a6d5a143a54ca4e9a5b2a6baa9f3a470a448a4a7a4e2a143,69,dialogue
dialogue_10838D,0x10838D,田豐剛而犯上,b2b3adb04bb2d0a66ebfd1b54cc25fa14da5d0c2d7ade8a6d3a5c7a457a14db35ca7f1b367a6d3a4a3b4bca14dbc66b074b14da6d3b54cbfd1a14db37bacf6aa47a6d3b54ca5cea143a6b9bcc6a448aacca14db6d5a4a3acdbae65a14da5b2a5cda4bac5dca143c343a87da14ea4e5c1e0a14da4c7a4d2a4a7ab69a14da440bed4a569bee0a143a8e4be6cb84cb84cb5a5bdfaa14dc161a6b3a6cab855a14da6f3a8acb944ab76a149,169,dialogue
dialogue_108437,0x108437,公路塚中枯骨,a5b04ba4bdb8f4b6efa4a4ac5cb0a9a14da6f3a8acac45bea6a149,27,dialogue
dialogue_108453,0x108453,布豺狼也,b5a766a5acb05baf54a45da14dab69a6d3b54cbfd1a14dbbb4a9f3a568b44ea14da979a6adb9cfa4a7a143,43,dialogue
dialogue_10847F,0x10847F,今主公若不乘勢剿絕,bfb0a8b657a6b3a766a5aca4a7ab69a14db260b16faacaa448a4a7a4dfa143a4b5a544a4bdad59a4a3adbcb6d5b6cfb5b4a14da54ca4e9be69a6a8aef0a44fa14dc3f7a457bdd1b070a14dab44b45fb0eaae61a4a7a6b3a45da143,91,dialogue
dialogue_1084DC,0x1084DC,討漢賊以扶王室,a9faa4bda548b2b3a74ab9e8a14da548b16aa7f0ae7aa14db051ba7eb8e9a548a7dfa4fdabc7a14db05fa74cac4fa45da143,50,dialogue
dialogue_10850F,0x10850F,恐失大義於天下,b5a1b3b4dba767a4a7b8e9a14da9faa4bdad59a4a3b051a4a7a14daea3a5a2a46ab871a9f3a4d1a455a143,43,dialogue
dialogue_10853B,0x10853B,每日教練士卒,bfaaf1bb44a1b3a843a4e9b1d0bd6da468a8f2a14da5b2acb0abe1b177a14da569a6adb9cfa4a7a143,41,dialogue
dialogue_10857D,0x10857D,主公此時起義兵以安天下,f7a457be69a74ca464a4e9a14da5cea662a440aec9a146a544a4bda6b9aec9b05fb871a74ca548a677a4d1a455a14da7f3abdda6f3aec9a149,57,dialogue
dialogue_1085B7,0x1085B7,汝等遲緩軍心,a7acd2ac4fa6bcb5a5bff0bd77ad78a4dfa14dbe45a9b5a4e9a4eba14da6b3a7aba46aa8c6a149b05aa4a3bb44a179a74cb651afabb374a17aa547a148,61,dialogue
dialogue_1085F6,0x1085F6,待其羽翼既成,bfaaa1b3a444a448b3c7a45da143a4b5ad59a4a3c0bba14dabdda8e4a6d0c16cac4aa6a8a14dabe6c3f8b9cfa86fa143,48,dialogue
dialogue_108627,0x108627,今玄德素有英雄之名,bda544a4bdbfb3b871a74ca14dacb0a6caa96db0a3ae60a14db1a9a54dab48b871a548a9dbab54b3c7a14db553c4dfa8e4a4a3a8d3a45da146a4b5a5c8bc77afc0a6b3ad5eb6afa4a7a657a14dad59b1fea4a7a14dac4fae60bde5a45da143a4d2b0a3a440a448a4a7b177a14da548aafda57caefca4a7b1e6a14da677a64da4a7bef7a14da4a3a569a4a3b9eea143,143,dialogue
dialogue_1086B7,0x1086B7,比先坐受困者不同,a3a8eeb3d3a4a7b5a6a14da4a3a662b16ab2b1a143b1e4bedeaa6ba54fb0f5a6e6a14da468a8f2baebbd6da14da4f1a5fda7a4a8fca778aacca4a3a650a143a4b5b1f3c46db1b6a87db5a6a14da6d3bfb3b54ca657a4a7a74ca14dc5d1acb0a9faa4bda4a3a8faa143,105,dialogue
dialogue_108721,0x108721,必裹糧策馬以迎王師,b3ad5eb0eab8e9a444b1e4bedea14dab44ae5dc576a45da143a544a4bdad59a95ea46ab871a4a7a657a14da548b051a4bfb066a14dab68c3f6aa46b871a468a14da5b2bb71c2b3b5a6b0a8a548aaefa4fdae76a146ad59aad9c351a548a5efa764a14da74cb6d5a440a5e6a14db05aafe0c64ab8d1a148c440a544a4bdb9eea4a7a143,131,dialogue
dialogue_1087A5,0x1087A5,者江東孫伯符據長江之險,78aacca6bfaa46ae5da742b2c5bedaaaf8a6bfa4a7c049a14dabc2c2eda454a6bfa14da661b373a4bbb070a146bfd1a6daaa5aa468b7a5a668a14daddda548a74cbaebc2b3bc73a14da5bca569b9cfa45da143,83,dialogue
dialogue_1087F9,0x1087F9,今虎踞冀州之地,ad59a9b04ba4f3bef0aea6a57ca540a14daaf9a5cdac47a64fa14db94da9f3a4d1a455a146a4b5aaeabdf5beaca67ba4a7a661a14db3a1a455afe0a8c6aaccb7a5a668a151a4a3a569bbb4a45da143,79,dialogue
dialogue_108849,0x108849,與之為敵不利也,b05aafa540a448bad9a179a448a4a4a766a5aca14db0a8a4a4a8aaa8dfa17aa14db7c5ab4aa4a7ab69a14da4a3a569bbb4a45da151a9f5b1d9b8b3a8f4a14ec0bbbc42b3c6a14eaf7db1e4bedea14dbed4b54ca4a3b3d3a143bb50a4a7acb0bcc4a4a3a751a45da143,105,dialogue
dialogue_1088B3,0x1088B3,兼有羌人之援,aeb0a8c4cba4d9ad78a6e8b244a14daddda6b3aacaa448a4a7b4a9a14da5bca569bbb4a8faa143,39,dialogue
dialogue_1088DB,0x1088DB,況擁羌兵之眾,a6b0a8a973b05fab69a44fb94ca448a14daa70bed6aacaa74ca4a7b2b3a14da5efa4a7a4a3a9f6a143,41,dialogue
dialogue_108905,0x108905,荊州人稱八駿之一,a448a4bc42aff0a67ba448bad9a44bc240a4a7a440a14da7a4bed6aff0c1b8a445b070a14da74cbaebc2b3a8aca151bea3a455bed4b2eeb54cbcc6a14da4f4ad78baebb16aa151a8e2ad78b9efb07da14db3d3ad74a5bcaabea45da143,93,dialogue
dialogue_108963,0x108963,非好利忘義之輩,bcb3b3c1bea444a4afa448a767a46ca14dab44a66ea751a7d1b871a4a7bdfaa146a542a67bbfa4a4a7a5c1a14dbb50a9faa4bda6f3f841a148b1fea4a7a4a3b2bba14db1e6a454abe4a6d3a6e6a143,79,dialogue
dialogue_1089B3,0x1089B3,不可復興大軍,a1a74cb05fb373a67ea14da6caa96daf68b9faa14daddce96fb54cbf6ea14da4a3a569b45fbfb3a46aad78a143a979c2b5b86dad78beb9a14da4c0bbbabaeba74ca14da4d9a5d0c3e4bbc0a143a454a67ea4a7a4a4a14da46aa8c6a569a977a45da143,99,dialogue
dialogue_108A17,0x108A17,方可長驅大進,a4a4d1b448a5bca569a5cea74ca143a968abddac4bb778a14da4e8a569aaf8c558a46ab669a143,39,dialogue
dialogue_108A3F,0x108A3F,不可輕敵,a9a1b3ad5eb6afa14da4b5a7f3addda1afacb0ad78ae76a14da4a3a569bbb4bcc4a143,35,dialogue
dialogue_108A63,0x108A63,如虎生翼矣,b0b14ead78a4c5bbb4b5f8a1b3a143a4b5a1b3b16fa1afacb0bbb2a14da670aaeaa5cdc16ca86fa143,41,dialogue
dialogue_108A8D,0x108A8D,公善用兵,78a143a1b3a4bdb5bda5cea74ca14dc5dca4c6b54ca4e8a143b2b3c1f6a4d6a14da5bca569bbb4a45da143,43,dialogue
dialogue_108AB9,0x108AB9,不可與戰,4da46aa1b3b6d5a46aa14da4a3a569bb50bed4a14da575a569bb50a94da143,31,dialogue
dialogue_108AD9,0x108AD9,不若求和安民為上,ddac4ba1b3b6d5a46aa14da4a3a569a44fa8faa146ad59bb50a45bbed4a14da46ab76ca468a8f2a146a4a3ad59a844a94da677a5c1acb0a457a143,59,dialogue
dialogue_108B15,0x108B15,無用之人,4ead78a1b3b54ca5cea4a7a448a14da6f3a5b2c4b3a94da148,25,dialogue
dialogue_108B30,0x108B30,況為政以人為本,c463a57ea5b2a5fda677a4baa14daa70acb0ac46a548a448acb0a5bba143b2b3adeba6b3a6f3abd8c4b3a148,44,dialogue
dialogue_108B5D,0x108B5D,善曉兵機,a5bca5a1b3b260a9fac3fcb2a4a14db5bdbee5a74cbef7a14dafc0a6b3a46aa7d3a146ad59a4a3a6adb0a3a14da45ba5b2acb0bad7a143,55,dialogue
dialogue_108B95,0x108B95,吾知彼常有不平之意,a569a4a1b3afc0a6b3a4cfacdba14da75eaabea9bcb160a6b3a4a3a5ada4a7b74ea151a65dbca6a8e4ab69a6d3a5cea4a7a143a45babe1a5b2a5cdb177ae60a143,65,dialogue
dialogue_108BD7,0x108BD7,不可使獨掌大權,c4b74daec6a1b3a7d3a46aa4dfb0aaa14da4a3a569a8cfbf57b478a46ac576a143,33,dialogue
dialogue_108BF9,0x108BF9,何不羅而致之,aa70aca1b3a444b7eda4b5bde5a468a14da6f3a4a3c3b9a6d3ad50a4a7a148,31,dialogue
dialogue_108C19,0x108C19,因避亂隱居於此,bca5a1a1b3a6b3b867a4d1bd6ea661a4a7a47ea14da65dc1d7b6c3c1f4a97ea9f3a6b9a143a9faa4bda6f3a4a3b875a4a7a148,51,dialogue
dialogue_108C50,0x108C50,吾軍眾將皆心向主公,a75ead78b2b3b14eacd2a4dfa656a544a4bda14da544a4bda4a3a5b2a668bc7ba143,34,dialogue
dialogue_108C73,0x108C73,必效死力以報主公知遇之恩,a6a75ebdfab260b750a544a4bda4afbc77a14da5b2aec4a6baa44fa548b3f8a544a4bdaabeb94aa4a7aea6a149,45,dialogue
dialogue_108CA4,0x108CA4,拋頭顱撒熱血再所不辭,b2b3b14eacd2a9bea878b871c178a4a7a468a146a544a4bda440c16ea54fa455a14da9dfc059c660bcbbbcf6a6e5a641a9d2a4a3c3e3a149,56,dialogue
dialogue_108CDD,0x108CDD,天下英才皆齊聚主公麾下,bd6ea6a544a4bdc2a7bde5a455a468a14db752a47ea4a7a657b94da9f3a57ca4e8a146a4d1a455ad5ea47eacd2bbf4bb45a544a4bdbea3a455a14da548bac9baf8c1a1a4a7a44fa143,73,dialogue
dialogue_108D27,0x108D27,公如願行三顧之禮示其求才若渴,bca544a4bda670c440a6e6a454c555a4a7c2a7a5dca8e4a844a47ead59b4f7a14da57ca4e8a657a468b05aa6b3a4a3aa41a4a7b27aa148,55,dialogue
dialogue_108D60,0x108D60,鄉野之間並無可用之才,b66db3a5a4a7b6a1a8c3b54ca569a5cea4a7a47ea14da544a4bda4a3a5b2b64fa4dfa9f3a6b9a143,40,dialogue
dialogue_108D89,0x108D89,主公宜觀其人以視其才而用之,bbbcf6a472a6ecafc0c05ca4a7bdfaa14da9dba4a7a6f3a5cea148a544a4bda979c65ba8e4a448a548b5f8a8e4a47ea6d3a5cea4a7a143,55,dialogue
dialogue_108DC1,0x108DC1,才主公信賞必罰,5ea47ea544a4bdab48bde0a5b2bb40a14da6daa455a8c3b54ca4a3aa41aacca143,33,dialogue
dialogue_108DE3,0x108DE3,賞虛施則勞臣怨,bcbde0a4a3a569a548b5eaac49a14dbde0b5eaac49ab68b3d2a6daabe8a143,31,dialogue
dialogue_108E03,0x108E03,乃遷善黜惡之法,4dab48bde0a5b2bb40a14da444be45b5bdc24ab463a4a7aa6ba143,27,dialogue
dialogue_108E3B,0x108E3B,以肝腦塗地,a4c440a548a878b8a3b6eea661a14db3f8aabea476a4a7aea6a143,27,dialogue
dialogue_108E57,0x108E57,不因一女子而效死力,a4a6b9a448a4a3a65da440a46ba46ca6d3aec4a6baa44fa146a544a4bda979b8d4a4a7a143,37,dialogue
dialogue_108E7D,0x108E7D,主公心腹猛將也,a47ea5a1b3a444a544a4bda4dfb8a1b272b14ea45da143a544a4bdad59b44ea6b9bef7b77ca14da548a6b9a46bbde7bb50a1b3a14da1b3b750a46aaea6a14da5b2a548a6bab3f8a544a4bda143a544a4bdbdd0a6dba454abe4a143,91,dialogue
dialogue_108EDA,0x108EDA,仍雖以名馬賜之,a4b4c1f6a548a657b0a8bde7a4a7a14da6b9a448a5e7a4a3b0caa4dfa45da143,32,dialogue
dialogue_108F15,0x108F15,主公何以賜予重寶,a448a4a1b3a97ca5bcabd8a55ca5dfa657a14da544a4bda6f3a548bde7a4a9adabc45fa148,37,dialogue
dialogue_108F3B,0x108F3B,則勇士知其所死,a1bde0bde7aabea8e4a9d2ac49a14dab68ab69a468aabea8e4a9d2a6baa143,31,dialogue
dialogue_108F5B,0x108F5B,將公主賜於此人,b7a1b3b84cb84cb165a47ea151b14ea4bda544bde7a9f3a6b9a448a14da444a9faaf5db774a7eba45da143,43,dialogue
dialogue_108F88,0x108F88,乃當世之英傑,a1b3afc0a8d3a9beb871a14da55cbeb1b343acb1a151a444b7eda540a4a7ad5eb3c7a149a9dbacb0be74b0a8a14da444a9fab5a6a45da143,56,dialogue
dialogue_108FC1,0x108FC1,此人必生反意,40b0a8b9dca8e4acc3c45fa14da6b9a448a5b2a5cda4cfb74ea143,27,dialogue
dialogue_108FDD,0x108FDD,乃明珠暗投也,bda6f3a6b9a448bed6a6b9adabc45fa14da444a9faaf5db774a7eba45da146a4a3ad59a544a4bdb9dca4a7a143,45,dialogue
dialogue_10900B,0x10900B,乃安邦定國之材,43a1afa444a677a8b9a977b0eaa4a7a7f7a14da9faa4bda6f3a6d3b1cbb1f3a4a7a148,35,dialogue
dialogue_10902F,0x10902F,明公如執意流放此人,5da1afb948b066a457b74ea14da9faa4bda670b0f5b74eac79a9f1a6b9a448a14da8cca9faa4bda4a7a8a3a5e7a569a143,49,dialogue
dialogue_109061,0x109061,英部傢悀,ad5eb3a1b3c3d1a448a4a3a9faa146bfcba470a448a14dbbb7bde5a6daa14da8e4abe1a5b2b1d1a149,41,dialogue
dialogue_10908B,0x10908B,況且事未可定,a4a454ad78a9f6b16fa14da440b14ec3f8a844a146aa70a542a8c6a5bca569a977a141a4a3a569a66bb1fea143,45,dialogue
dialogue_1090B9,0x1090B9,若孕慾庤,ad59a5a5bca4ceb669a74ca14da5fdb1d9a46ab14ea14da9f3ad78a4a3a751a143a542a45ebcc8a74ba143,43,dialogue
dialogue_1090E5,0x1090E5,若不斬草除根,a4a7a1a6b9a448ad59a4a3b1d9aff3b0a3aedaa141a5b2acb0b3e0a8ada4a7a5bb2e,34,dialogue
dialogue_109108,0x109108,今日不殺此賊,a4b5a4e9a4a3b1fea6b9b8e9a14dabe1a5b2acb0bad7a143,24,dialogue
dialogue_109121,0x109121,留你何用,c3d1a4b064b0eaa4a7ae7ba14daf64a741a6f3a5cea149,23,dialogue
dialogue_109143,0x109143,珜煽捫悝琠囥,a1a6d1a4c7a4d2b3bab4b1bfd1a7daa9caa952a149a75ea5b2b051a4a7a149,31,dialogue
dialogue_109165,0x109165,召的方式,a977a1bdd0bfefbedcbc78a56caabaa4e8a6a1a148,21,dialogue
dialogue_10918F,0x10918F,徵召武將的郡縣,a4bdd0bfefbedcad6ebc78a56caa5ab14eaabab070bfa4a149,25,dialogue
dialogue_1091AC,0x1091AC,無在野武將,06c2a6b9b070b54ca662b3a5aa5ab14ea149,18,dialogue
dialogue_1091BF,0x1091BF,徵召的武將,b9bdd0bfefbedcad6ebc78a56caabaaa5ab14ea149,21,dialogue
dialogue_1091D5,0x1091D5,磥局郈嚝僁嵽籊洈怐漯,eaa4a7bdd0bfefbedcbee1a5f4a8cfaaccaabaaa5ab14ea149,25,dialogue
dialogue_1091EF,0x1091EF,請輸入賜予的黃金數,49bdd0bfe9a44abde7a4a9aabab6c0aaf7bcc6283130302d2564293a,28,dialogue
dialogue_1092AA,0x1092AA,誓死不願投效,c0aa0606257301bb7da6baa4a3c440a7ebaec4a14906c2bc78a56ca5a2b1d1a149,33,dialogue
dialogue_1092CC,0x1092CC,召失敗,06c2bc78a56ca5a2b1d1a149,12,dialogue
dialogue_109317,0x109317,以美色誘之,590663257301b9ef0606257301a548acfca6e2bba4a4a7a149,25,dialogue
dialogue_1093B4,0x1093B4,的郡內沒有名馬,06c2a741aabab070a4baa853a6b3a657b0a8a149,20,dialogue
dialogue_109474,0x109474,主閣下您沒有任何寶物,06c2a767a544bbd5a455b17aa853a6b3a5f4a6f3c45faaaba149,26,dialogue
dialogue_10948F,0x10948F,請選擇要贈予的寶物,25bdd0bfefbedcad6ec3d8a4a9aabac45faaaba149,21,dialogue
dialogue_10958C,0x10958C,無適當武將可徵召,06c2a6b9b070b54cbe41b7edaa5ab14ea569bc78a56ca149,24,dialogue
dialogue_1095BC,0x1095BC,處曉以大義,0663257301bfcbb3580606257301b342bee5a548a46ab871a149,26,dialogue
dialogue_109650,0x109650,請選擇要改變官職的郡,bdd0bfefbedcad6ea7efc5dca978c2beaabab070,20,dialogue
dialogue_109668,0x109668,請選擇要改變官職的武將,bdd0bfefbedcad6ea7efc5dca978c2beaabaaa5ab14ea149,24,dialogue
dialogue_109684,0x109684,請選擇欲要改變的官職,bdd0bfefbedcb1fdad6ea7efc5dcaabaa978c2bea148,22,dialogue
dialogue_1096D8,0x1096D8,所屬的武將總人數不足六人,06c2b17aa9d2c4ddaabaaa5ab14ec160a448bcc6a4a3a8aca4bba448a141ac47b54caa6bb0f5a6e6a14901,43,dialogue
dialogue_109704,0x109704,請選擇本次朝廷會議的主題,bdd0bfefbedca5bba6b8b4c2a7cab77cc4b3aabaa544c344,24,dialogue
dialogue_10971D,0x10971D,改鬚郈嚝颩,a7efc5bdd0bfefbedcad6ea7f0a5b4aabab070bfa4a149,23,dialogue
dialogue_109738,0x109738,此計施不得,06c2a6b9b070b54ca448a6fbbadea149a6b9ad70ac49a4a3b16f,26,dialogue
dialogue_10978D,0x10978D,迒昍昍,5940cdcccccccccc,8,dialogue
dialogue_109796,0x109796,請選擇要討論的國家,405abdd0bfefbedcad6eb051bdd7aabab0eaae61a149,22,dialogue
dialogue_10989C,0x10989C,請選擇要賞賜武將的郡縣,bdd0bfefbedcad6ebde0bde7aa5ab14eaabab070bfa4a149,24,dialogue
dialogue_1098CE,0x1098CE,請輸入賞賜的黃金數,4040bdd0bfe9a44abde0bde7aabab6c0aaf7bcc6283130302d2564293a,29,dialogue
dialogue_1099E0,0x1099E0,您膝下已無公主也,5940acb006c2bbd5a455b17abda5a455a477b54ca4bda544a45da149,28,dialogue
dialogue_109A1A,0x109A1A,請選擇要賜婚的武將,5940bdd0bfefbedcad6ebde7b142aabaaa5ab14ea149,22,dialogue
dialogue_109A37,0x109A37,將公主嫁予,5940e7aa060663257301b14ea4bda544b6f9a4a90606257301,25,dialogue
dialogue_109A54,0x109A54,請選擇處分的方式,bdd0bfefbedcb342a4c0aabaa4e8a6a1a148,18,dialogue
dialogue_109A67,0x109A67,請選擇要處分武將的郡縣,40bdd0bfefbedcad6eb342a4c0aa5ab14eaabab070bfa4a149,25,dialogue
dialogue_109A9D,0x109A9D,請選擇要沒收的寶物,acb006bdd0bfefbedcad6ea853a6acaabac45faaaba149,23,dialogue
dialogue_109AF0,0x109AF0,請選擇要流放武將的郡縣,bdd0bfefbedcad6eac79a9f1aa5ab14eaabab070bfa4a149,24,dialogue
dialogue_109B0C,0x109B0C,請選擇要流放的武將,bdd0bfefbedcad6eac79a9f1aabaaa5ab14ea149,20,dialogue
dialogue_109B32,0x109B32,斬首武將的郡縣,4eaabdd0bfefbedcad6eb1d9adbaaa5ab14eaabab070bfa4a149,26,dialogue
dialogue_109B4D,0x109B4D,物直郈嚝颩,aaabaabdd0bfefbedcad6eb1d9adbaaabaaa5ab14ea149,23,dialogue
dialogue_109B80,0x109B80,被斬首示眾了,06062573b351b1d9adbaa5dcb2b3a446a149,18,dialogue
dialogue_109BC4,0x109BC4,乃吾之刀下魚,a1b3a444a75ea4a7a44da455b3bda14eab5ba457a6d7a151a7f0a4a7a759b7c0a14dc0bba4a7ab68af7da143a6f3a4a3bcc4a4a7a148,54,dialogue
dialogue_109BFB,0x109BFB,今兩國合則相利,5ca4b5a8e2b0eaa658ab68acdba751a14da4c0ab68acdbae60a151a4aca4a3ab49a5c7a14da444a457a457a4a7b5a6a45da143,51,dialogue
dialogue_109C5F,0x109C5F,幸而不辱君命,06a1afa9afa6d3a4a3b064a767a952a143,17,dialogue
dialogue_109C74,0x109C74,謀我甚切,a1b3bfd1a7daacc6a4c1a14da5b2a4a3a650b74ea143,22,dialogue
dialogue_109C8B,0x109C8B,信義名於諸侯,51a4b5a4d1a455afc9b6c3a14db05bb05cb94db3a5a151a1b3ab48b871a657a9f3bdd1ab4aa14da8e2b0eaa4acacb0ae42bea6a14da548a677b6c3a540a14da5c1a4a7a9d2b1e6a45da143,75,dialogue
dialogue_109CD7,0x109CD7,明公宜速伐之,a7a1b3b54cc2a7a14db463a8a5acdba656a151a9faa4bda979b374a5efa4a7a143,33,dialogue
dialogue_109CF9,0x109CF9,乃主公之威,a5b8f5a1b3b35ca4a7a14da444a544a4bda4a7abc2a143,23,dialogue
dialogue_109D11,0x109D11,背信無義之輩,afa9afa1b3a444ad49ab48b54cb871a4a7bdfaa14da5b2a4a3a558a74ca143,31,dialogue
dialogue_109D31,0x109D31,差一舌辯之士,bfd1a7a4b5a569ae74a440a6dec547a4a7a468a14df6d2aed1a9b9bba1a1b3a14da8cfbfb3a74ca8faa1ada14da54fa1afadbaa7c0a4a3afe0acdbb1cfa14db6d5a5b2a64da86fa143,73,dialogue
dialogue_109D7B,0x109D7B,不能說服,a5a249a4a3a47ea14da4a3afe0bba1aa41a1b3a558a74ca149,25,dialogue
dialogue_109D95,0x109D95,令一上將率軍相助,b54cc2a1b3b14ea54fa440a457b14eb276ad78acdba755a143,25,dialogue
dialogue_109DAF,0x109DAF,見鄰國有難,a4a1b3a444a4afb871a4a7a448a14da8a3be46b0eaa6b3c3f8a14da5b2c0b3a8e4a844a143,37,dialogue
dialogue_109DD5,0x109DD5,吾國積怨已久,ab48b5a1b3bb50a75eb0eabf6eabe8a477a45ba14da8a3a75ea844b4a9a14da4cfa6d3a6dbc36ea8e4b575a14da4debcc4a8d3a7f0a143,55,dialogue
dialogue_109E0D,0x109E0D,以金糧相助,a8cfbfa1b3b35ca548aaf7c2b3acdba755a143,19,dialogue
dialogue_109E21,0x109E21,不願借糧,a4a3afa1b3b54cb871a14da4a3c440adc9c2b3a143,21,dialogue
dialogue_109E37,0x109E37,令一上將率大軍破之為上策,a2a1b3a444bfbfbab8a470a8b9a14da6f3a5b2b35ca440a4bda544a548a94da4a7a148a54fa440a457b14eb276a46aad78af7da4a7acb0a457b5a6a143,61,dialogue
dialogue_109E75,0x109E75,眾諸侯必不敢正視吾,a448a1a75eb0eabb50a1b3b5b2acb0a553a7cca4a7a8b9a14db2b3bdd1ab4aa5b2a4a3b4b1a5bfb5f8a75ea143,45,dialogue
dialogue_109EA4,0x109EA4,欣然許之,a1b3aa59b54db35ca4a7a143,12,dialogue
dialogue_109EB1,0x109EB1,主公何不引軍伐之,d3a6dba1b3b6c6ba43b54cc2a7a14da558a8a5a4a3bbb9a143a544a4bda6f3a4a3a4dead78a5efa4a7a148,43,dialogue
dialogue_109EDD,0x109EDD,何須資糧於賊,afa1b3a1b3a4a3a8acacb0c4dfa14da6f3b6b7b8eac2b3a9f3b8e9a151a74ca6a5acdba8a3a14da5b2af7da1b3a143,47,dialogue
dialogue_109F0D,0x109F0D,不若施以懷柔之計,48a94da4b5a1b3a661bc73a74cb2b3a14da8e4b6d5a5bfb2b1a151a4a3ad59ac49a548c368ac58a4a7ad70a14da5dcae7aa9f3bcc4a151a544a4bda569b3c6b669c46da4a7aaaba14dac59c440acb0a8cfa143,83,dialogue
dialogue_109F62,0x109F62,擇日令人回禮,d3a6a1b3a46aaeaea14dbedca4e9a54fa448a65ec2a7a143,24,dialogue
dialogue_109F7B,0x109F7B,辜負主公期望,a5a1afa4a3a47ea14db664ad74a544a4bdb4c1b1e6a143,23,dialogue
dialogue_109F93,0x109F93,不如行以懷柔之法,a4a1b3a444a448b3c7a45da151a548a44fafd9a4a7a14da5b2a4a3acb0a97da151a4a3a670a6e6a548c368ac58a4a7aa6ba143,51,dialogue
dialogue_109FC7,0x109FC7,今更如驚弓之鳥,bca1b3eeeeae7aa14da4a3a8acacb0c4dfa151a4b5a7f3a670c5e5a47da4a7b3bea14da5b2a977bdfdc2b3bb50a75ea143,49,dialogue
dialogue_109FF9,0x109FF9,果從吾願,a569b3ac49c0a3a9f3a1b3a14daa47b171a75ec440a143,23,dialogue
dialogue_10A011,0x10A011,某纂釵菻謒銆,ac59c4a1b3a6dbabeea8e4b16aa14da4a3b171a75eb0eaa4a7a844a143,29,dialogue
dialogue_10A047,0x10A047,善之善者也,b4a4a3bed4a6d3a97da448a4a7a74ca14db5bda4a7b5bdaacca45da143,29,dialogue
dialogue_10A065,0x10A065,以救一郡百姓之命,a5b2a4a1b3c440c2f9a4e2c46dabb0a14da6dbbfa3ab65a8d3bdd0b86fa14da5f4a8e4ade5b3cea14da548b1cfa440b070a6caa96da4a7a952a143,59,dialogue
dialogue_10A0A1,0x10A0A1,兩軍唯有在戰場相見,b3bea1a1b3a84db74ea440bed4a151a8e2ad78b0dfa6b3a662bed4b3f5acdba8a3a14da440a84da5cda6baa143,45,dialogue
dialogue_10A0CF,0x10A0CF,決不肯和,a1a9bca548adaba74cabc2a14da84da4a3aad6a94da143,23,dialogue
dialogue_10A0E7,0x10A0E7,宜假天子之詔,a1a1b3bb50a1afa141a5e7b7eda4b5bba8b3c7a143a4b5a8e2ad78bc72b1fea141a979b0b2a4d1a46ca4a7b640a141ae74a448a9b9a94db8d1a4a7a143a447a448b750bc77a141a5b2b6b6a544a4bda86fa143,83,dialogue
dialogue_10A13B,0x10A13B,遂令兩家罷兵,b3a548a544a4bdabc2a657a14db945a54fa8e2ae61bd7da74ca143a249a8c3b54ca4d8a46fa4a7a55ca143,43,dialogue
dialogue_10A167,0x10A167,不聽勸戒,a6a6d1a4c7a4d2a440b74ea974a6e6a14da4a3c5a5c455a7d9a143,27,dialogue
dialogue_10A183,0x10A183,捨一無謀,a5a4a3a569a143b1cba440b54cbfd1a1afa6d3a8faa4d1a455a14da6b3a6f3a4a3a569a148,37,dialogue
dialogue_10A1C9,0x10A1C9,送還吾國,a46ca4a1b3c440b14ea1afb065c1d9a75eb0eaa143,21,dialogue
dialogue_10A1DF,0x10A1DF,無法贖回,a4a6dab54cafe0a14db54caa6bc5aba65ea1afa151bdd0adb0a8e4b86fa143,31,dialogue
dialogue_10A201,0x10A201,結盟的國家,a14db9bdd0bfefbedcad6eb5b2b7f9aabab0eaae61a149,23,dialogue
dialogue_10A219,0x10A219,擔任使者的武將,a46fa4bdd0bfefbedcad6ebee1a5f4a8cfaaccaabaaa5ab14ea149,27,dialogue
dialogue_10A238,0x10A238,請輸入結盟年限,bdd0bfe9a44ab5b2b7f9a67eadad28312d33293a,20,dialogue
dialogue_10A311,0x10A311,埂嫙,404014ae47e17a140840,10,dialogue
dialogue_10A35C,0x10A35C,請選擇要出兵合攻的郡縣,bdd0bfefbedcad6ea558a74ca658a7f0aabab070bfa4a149,24,dialogue
dialogue_10A3E0,0x10A3E0,請選擇要求援助的物資,bdd0bfefbedcad6ea844b4a9a755aabaaaabb8eaa149,22,dialogue
dialogue_10A3F8,0x10A3F8,請輸入援助的,bdd0bfe9a44ab4a9a755aaba2573bcc628312d313030303030293a,27,dialogue
dialogue_10A4C4,0x10A4C4,請選擇要求聯姻的國家,bdd0bfefbedcad6ea844c170abc3aabab0eaae61a149,22,dialogue
dialogue_10A587,0x10A587,進貢的國家,a8bdd0bfefbedcad6eb669b05eaabab0eaae61a149,21,dialogue
dialogue_10A5A0,0x10A5A0,請選擇準備進貢的物資,bdd0bfefbedcb7c7b3c6b669b05eaabaaaabb8eaa149,22,dialogue
dialogue_10A611,0x10A611,為公郈擗,acb0a4bdd0bfe9a44ab669b05eaaba2573bcc628312d253564293a,27,dialogue
dialogue_10A67C,0x10A67C,請選擇要脅迫的國家,bdd0bfefbedcad6eafd9ada2aabab0eaae61a149,20,dialogue
dialogue_10A691,0x10A691,求提供的物資,a4a3a8bdd0bfefbedcad6ea844b4a3a8d1aabaaaabb8eaa149,25,dialogue
dialogue_10A6AB,0x10A6AB,脅求的,a1bdd0bfe9a44aafd9a844aaba2573bcc628312d313030303030293a,28,dialogue
dialogue_10A7E0,0x10A7E0,請選擇要降服的國家,bdd0bfefbedcad6eadb0aa41aabab0eaae61a149,20,dialogue
dialogue_10A8E5,0x10A8E5,脅亳郈嚝僁嵽翿,afd9adbdd0bfefbedcbee1a5f4b14ba8cfaabaaa5ab14ea149,25,dialogue
dialogue_10A9B8,0x10A9B8,國家威信受損,bdd5a94da5a2b1d1a141b0eaae61abc2ab48a8fcb76c253164c249,27,dialogue
dialogue_10A9D4,0x10A9D4,請選擇要交換俘虜的國家,bdd0bfefbedcad6ea5e6b4abab52b8b8aabab0eaae61a149,24,dialogue
dialogue_10AA0C,0x10AA0C,請選擇要換回的被俘虜武將,bdd0bfefbedcad6eb4aba65eaabab351ab52b8b8aa5ab14ea149,26,dialogue
dialogue_10AA27,0x10AA27,請選擇交換的條件,59bdd0bfefbedca5e6b4abaabab1f8a5f3a149,19,dialogue
dialogue_10AA5D,0x10AA5D,交換用的敵俘虜武將,a55ca1bdd0bfefbedcad6ea5e6b4aba5ceaababcc4ab52b8b8aa5ab14ea149,31,dialogue
dialogue_10AA7D,0x10AA7D,國捐郈擗,b0eaaebdd0bfe9a44a2573bcc628312d2564293a,20,dialogue
dialogue_10AB84,0x10AB84,你是否要堅持製造,0663257301bbddafd3aaf70606256401bffaa141b64faec90606256401add3a4ebbb73b37901a141a741ac4fa75fad6eb0edabf9bb73b379a148,58,dialogue
dialogue_10AC15,0x10AC15,你是否要堅持執行,bb73b3bbddafd3b64fb6c0aaf70606256401bffaa141a741ac4fa75fad6eb0edabf9b0f5a6e6a148,40,dialogue
dialogue_10AC3E,0x10AC3E,的糧倉空空如也,ddaf06c2a741aabac2b3addcaac5aac5a670a45da149,22,dialogue
dialogue_10AD37,0x10AD37,請選擇欲要購買的武器,24bdd0bfefbedcb1fdad6ec1cab652aabaaa5abeb9a148,23,dialogue
dialogue_10ADE8,0x10ADE8,沒有足夠的黃金用來買弩箭,1840d0bf06c2a741a853a6b3a8acb0f7aabab6c0aaf7a5cea8d3b652a9b8bd62a149,34,dialogue
dialogue_10AE5C,0x10AE5C,沒有足夠的黃金用來買馬匹,06c2a741a853a6b3a8acb0f7aabab6c0aaf7a5cea8d3b652b0a8a4c7a149,30,dialogue
dialogue_10AE8C,0x10AE8C,已無合格的壯丁可供徵召,06c2a6b9b070a477b54ca658aee6aabaa7a7a442a569a8d1bc78a56ca149,30,dialogue
dialogue_10AEF0,0x10AEF0,個新兵,bc78a56c0606256401add3b773a74ca141bbddc2b30606256401b1d8,28,dialogue
dialogue_10AF10,0x10AF10,你是否要堅持徵兵,a741ac4fa75fad6eb0edabf9bc78a74ca148,18,dialogue
dialogue_10AF2D,0x10AF2D,埂朄,70417b14ae47e1fa2340,10,dialogue
dialogue_10AF9A,0x10AF9A,兵召募,a74ca56cb6d20606256401add3b773a74ca141bbddafd3aaf70606256401bffa,32,dialogue
dialogue_10AFBC,0x10AFBC,你是否要堅持募兵,a741ac4fa75fad6eb0edabf9b6d2a74ca148,18,dialogue
dialogue_10B025,0x10B025,馬匹,4ca149b0a8a4c72dc34da74c,12,dialogue
dialogue_10B03C,0x10B03C,弩兵,20a9b82d2da9b8a74c,9,dialogue
dialogue_10B046,0x10B046,兵連弩,a74cb373a9b82db373a9b8,11,dialogue
dialogue_10B052,0x10B052,請選擇重新編成的兵種,d3b70663bdd0bfefbedcadabb773bd73a6a8aabaa74cbad8,24,dialogue
dialogue_10B06C,0x10B06C,請輸入重新編隊的兵員,bdd0bfe9a44aadabb773bd73b6a4aabaa74cadfb28312d256429,26,dialogue
dialogue_10B0A1,0x10B0A1,請選擇要移動的目標郡縣,312d25bdd0bfefbedcad6eb2beb0caaabaa5d8bcd0b070bfa4a149,27,dialogue
dialogue_10B0C4,0x10B0C4,請分別選擇欲要運補的項目,bdd0a4c0a74fbfefbedcb1fdad6eb942b8c9aabab6b5a5d8a148,26,dialogue
dialogue_10B0F1,0x10B0F1,弩尿擗,a9b8a7bfe9a44ab942b0650663b773a74c01aababcc6b67128312d2564293a,31,dialogue
dialogue_10B111,0x10B111,內沒有黃金,73a6a806c2b070a4baa853a6b3b6c0aaf7a149,19,dialogue
dialogue_10B128,0x10B128,輸入運送,bfe9a44ab942b0650663b6c0aaf701aababcc6b67128312d2564293a,28,dialogue
dialogue_10B179,0x10B179,內沒有馬匹,d24d6206c2b070a4baa853a6b3b0a8a4c7a149,19,dialogue
dialogue_10B18D,0x10B18D,運輸入運送,6eb942bfe9a44ab942b0650663b0a8a4c701aababcc6b67128312d2564293a,31,dialogue
dialogue_10B1C1,0x10B1C1,數馭擗,bcc6b6bfe9a44ab942b0650663a9b8bd6201aababcc6b67128312d2564293a,31,dialogue
dialogue_10B1E4,0x10B1E4,內沒有連弩,06c2b070a4baa853a6b3b373a9b8a149,16,dialogue
dialogue_10B215,0x10B215,內沒有發石車,a4a14906c2b070a4baa853a6b3b56fa5dba8aea149,21,dialogue
dialogue_10B24B,0x10B24B,內沒有衝車,4206c2b070a4baa853a6b3bdc4a8aea149,17,dialogue
dialogue_10B2B1,0x10B2B1,內沒有井蘭,63b37306c2b070a4baa853a6b3a4abc4f5a149,19,dialogue
dialogue_10B2E5,0x10B2E5,內沒有元戎弩沒有,63b56f06c2b070a4baa853a6b3a4b8a6a5a9b8a853a6b3,23,dialogue
dialogue_10B394,0x10B394,不若另投明主,a1b3a4c7a4d2a149adcba6e6b066ac49a14da4a3c5a5bfcfa8a5a146a6b9b0eaa5b2a64da14da4a3ad59a574a7eba9faa544a143,52,dialogue
dialogue_10B3C9,0x10B3C9,久聞將軍勇名,aec406a45bbb44b14ead78ab69a657a14da4b5a4e9a9afb16fabf4a8a3a143c440b14ead78a4a3b1f3a14da6acacb0a842a8f2a14da6adb1dfb0f5c340c048f4f1a14da6baa5e7a5cca4dfa149,77,dialogue
dialogue_10B417,0x10B417,未有如明公者,cea455a978a962a8aba57ca4e8a14dbedca544a6d3a8c6a14da5bca6b3a670a9faa4bdaacca143a4b5b16facdbc048a14da46abad9a5ada5cda143c1f6a878b8a3b6eea661a14db54cabeba86fa143,79,dialogue
dialogue_10B467,0x10B467,明公招賢納士,a8bb44a9faa4bda9dbbde5afc7a468a14daf53a8d3acdba7eba143,27,dialogue
dialogue_10B484,0x10B484,大雨,a46aab42,4,dialogue
dialogue_10B499,0x10B499,幸惕簳,a9afb1a7f2a861,7,dialogue
dialogue_10B4B1,0x10B4B1,為里,acb0a8bd45accc,7,dialogue
dialogue_10B4B9,0x10B4B9,早捲峈,a6adb1b2ceaa76b4ee,9,dialogue
dialogue_10B4C3,0x10B4C3,口減,f4a448a466b4ee,7,dialogue
dialogue_10B4CB,0x10B4CB,業減,a5b941b77eb4ee,7,dialogue
dialogue_10B4D3,0x10B4D3,什虓,a4b0d3b77eb4ee,7,dialogue
dialogue_10B4E3,0x10B4E3,氣升,a5a468aef0a4c9,7,dialogue
dialogue_10B4F3,0x10B4F3,黃金,a4bc57b6c0aaf7,7,dialogue
dialogue_10B4FC,0x10B4FC,增米糧,bc57a6ccc2b3,6,dialogue
dialogue_10B514,0x10B514,寶物,c45faaab,4,dialogue
dialogue_10B533,0x10B533,大業終成春秋大夢,abb2cea440a46ab77eb2d7a6a8ac4baceea46ab9daa149b943c0b8b2d7a446,31,dialogue
dialogue_10B553,0x10B553,您終於一統天下了,acb867b94cbcc6a67eaabaa9babed4a141b17ab2d7a9f3a440b2cea4d1a455a446,33,dialogue
dialogue_10B7FA,0x10B7FA,郡發生人民暴動,a4400606257301b070b56fa5cda448a5c1bcc9b0caa149,23,dialogue
dialogue_10B81F,0x10B81F,統治度降,c06240652cb6c0aaf7b4ee25642ca6ccc2b3b4ee25642cb2ceaa76abd7adb025316425252ca448a466b4ee25642cb941b77eadb025642cb0d3b77eadb025642ca8beac78b4ee25642cabb0b6ebb4ee25642ca468a74cb4ee2564,90,dialogue
dialogue_10B9DC,0x10B9DC,所以並沒有產生任何損失,a6fda65dacb0a6b3a657c2e5a662a5bbb0702ca9d2a548a8c3a853a6b3b2a3a5cda5f4a6f3b76ca5a2,41,dialogue
dialogue_10BAB7,0x10BAB7,郡士兵糧餉支出,6c0606257301b070a468a74cc2b3bbe8a4e4a558066325356401b1d8,28,dialogue
dialogue_10BAD4,0x10BAD4,統治度為,0606257301ba70a6ac2ca6cca6aca6a806632564012cb2ceaa76abd7acb02533642525,35,dialogue
dialogue_10BB3B,0x10BB3B,屯田歉收,250606257301a4d9a5d0ba70a6ac2ca6cca6aca6a80663256401,26,dialogue
dialogue_10BB58,0x10BB58,屯田豐收,0606257301a4d9a5d0c2d7a6ac2ca6cca6aca6a80663256401,25,dialogue
dialogue_10BB72,0x10BB72,屯田收成,73010606257301a4d9a5d0a6aca6a80663256401,20,dialogue
dialogue_10BC1C,0x10BC1C,郡稅收增加,0606257301b070b57ca6acbc57a55b06632564012cb2ceaa76abd7acb02533642525,34,dialogue
dialogue_10BC88,0x10BC88,訓練度上升,b056bd6dabd7a457a4c90606256401a468aef0b4a3a4c906062564,27,dialogue
dialogue_10BCB2,0x10BCB2,運送物資途中,5940b942b065aaabb8eab37ea4a4a141be44a8fca473b8e9ac7ea754a149b76ca5a22532642525,39,dialogue
dialogue_10BD48,0x10BD48,召募得新兵,a56cb6d2b16fb773a74c0606256401a448,17,dialogue
dialogue_10BDF4,0x10BDF4,已完成,a477a7b9a6a80606257301aababb73b379,17,dialogue
dialogue_10BE06,0x10BE06,珣距離完成日還有,d2b1b65ac2f7a7b9a6a8a4e9c1d9a6b30606256401add3a4eb,25,dialogue
dialogue_10BE50,0x10BE50,農業值上升至,b941b77eadc8a457a4c9a6dc0606256401,17,dialogue
dialogue_10BE62,0x10BE62,含淚撥種,2573a774b25cbcb7bad820c577afbaa6aca6a8,19,dialogue
dialogue_10BE77,0x10BE77,結束屯田工作,73b5b2a7f4a4d9a5d0a475a740a141b3a1b6a4c26babd8,23,dialogue
dialogue_10BEA0,0x10BEA0,商業值上升至,b0d3b77eadc8a457a4c9a6dc0606256401,17,dialogue
dialogue_10BECC,0x10BECC,防洪率上升至,a8beac78b276a457a4c9a6dc0606256401,17,dialogue
dialogue_10BF5C,0x10BF5C,送往君主,b14e0606257301b065a9b9a767a5440663257301b342a149,24,dialogue
dialogue_10BF75,0x10BF75,匹及,3333332573060625316401a657202573060625316401a4c7a4ce0606257301,31,dialogue
dialogue_10BFAE,0x10BFAE,率米倉增加,b276a6ccaddcbc57a55b0606256401b1d8,17,dialogue
dialogue_10BFC0,0x10BFC0,米減少,a6ccb4eea4d60606256401b1d8a141b6c0aaf7bc570606256401a8e2,28,dialogue
dialogue_10BFFB,0x10BFFB,已購置弩箭,64a477c1cab86da9b8bd620606256401,16,dialogue
dialogue_10C00C,0x10C00C,已購置駿馬,a477c1cab86dc240b0a80606256401a4c7,17,dialogue
dialogue_10C234,0x10C234,喝啊,b3dcb0daa149,6,dialogue
dialogue_10C23C,0x10C23C,汝若立即棄刀,a6bcaef0aea7a477b6c3a14da477b54ca44fa641bed4a146a6bcad59a5dfa759b1f3a44da14da97ca569ad65a5fea9caa952a149,52,dialogue
dialogue_10C274,0x10C274,此乃天意也,adfc2e2e2ea6b9a444a4d1b74ea45da143a75ec440adb0a143,25,dialogue
dialogue_10C28F,0x10C28F,有膽再戰三百回合,55a6bca5f0adbca466a6dea4a7a7d6a149a6b3c178a641bed4a454a6caa65ea658a149,35,dialogue
dialogue_10C2B3,0x10C2B3,汝只有此等本事,55a6bca575a6b3a6b9b5a5a5bba8c6a148b9cfa6b3b5eaa657a14dafbab7d9a4d1a455a448a45da149,41,dialogue
dialogue_10C2DF,0x10C2DF,不取汝首級,55ab7ab0dab0dab0daa149a149a149a4a3a8faa6bcadbaafc5a14dbb7da4a3a5cca5f0a149,37,dialogue
dialogue_10C321,0x10C321,技不如人,ad65a5a75ea7dea4a3a670a448a14da5ccc440adb0aa412e2e2e,26,dialogue
dialogue_10C33C,0x10C33C,想走,b751a8aba148a149,8,dialogue
dialogue_10C345,0x10C345,我一箭,a6bca5a659a7daa440bd62a149,13,dialogue
dialogue_10C353,0x10C353,不知是計,a1a1b3a9eca44da6d3a8aba14da1afa4a3aabeac4fad70a14db654b54db06ca457a146a1b3a4cfa8adb4a7a44da14da5bfa4a4a1afa143,55,dialogue
dialogue_10C451,0x10C451,卻然也,4dab6fb54da45da149,9,dialogue
dialogue_10C45B,0x10C45B,焉敢犯我境,b5ac4aaabea7daa657a14db26ab4b1a5c7a7dab9d2a149,23,dialogue
dialogue_10C473,0x10C473,來取汝首級,b3af53a8d3a8faa6bcadbaafc5a149,15,dialogue
dialogue_10C483,0x10C483,茖荓,d3a8d3b14eb371a657a149,11,dialogue
dialogue_10C48F,0x10C48F,先通姓名,c3a6bcac4fa6f3a448a148a5fdb371a96da657a141b54dabe1bc72b1fea149,31,dialogue
dialogue_10C4C5,0x10C4C5,回筆,a65eb5a75ea444a1b3a45da149,13,dialogue
dialogue_10C4D3,0x10C4D3,在此,06a1b3a662a6b9a149,9,dialogue
dialogue_10C4DD,0x10C4DD,被縑野藂哄,b351bfa1b3a5f0a8aba149,11,dialogue
dialogue_10C4E9,0x10C4E9,馬受縛,a455a1a1b3a7d6a455b0a8a8fcbfa3a149,17,dialogue
dialogue_10C4FB,0x10C4FB,無名下將,b0a6bca444b54ca657a455b14ea14dab44a75eb9efa4e2a149,25,dialogue
dialogue_10C515,0x10C515,還自執迷不省,ac4aaaa6bca6baa477c17bc059a14dc1d9a6dbb0f5b067a4a3acd9a149,29,dialogue
dialogue_10C533,0x10C533,何得妄言,a6ad49a544c0b6a4d2a141a6f3b16fa66ba8a5a149,21,dialogue
dialogue_10C549,0x10C549,安敢亂言,a6bcacad49b0eaa4cfb8e9a14da677b4b1b6c3a8a5a149,23,dialogue
dialogue_10C564,0x10C564,助惡匹夫,a755b463a4c7a4d2a141a6f3a4a3a6adadb0a149,20,dialogue
dialogue_10C57C,0x10C57C,此等鼠輩,a6b9b5a5b9abbdfaa141ab44a75ebcc4a4e2a149,20,dialogue
dialogue_10C594,0x10C594,反賊早早受降,a4cfb8e9a6ada6ada8fcadb0a149,14,dialogue
dialogue_10C5A3,0x10C5A3,何不早降,a1a4cfb0eab066b8e9a141a6f3a4a3a6adadb0a149,21,dialogue
dialogue_10C5B9,0x10C5B9,名之痐,a657a4a7d6a455b0a8a8fcadb0a149,15,dialogue
dialogue_10C5CC,0x10C5CC,匹夫休得逞強,a4c7a4d2a5f0b16fb378b16aa149,14,dialogue
dialogue_10C5DB,0x10C5DB,襄敼,c1b8e9b14ea5f0a8aba149,11,dialogue
dialogue_10C600,0x10C600,吾誓殺汝,a75ebb7db1fea6bca149,10,dialogue
dialogue_10C60B,0x10C60B,何足道哉,a1b671a6b9a470bdfaa14da6f3a8acb944ab76a149,21,dialogue
dialogue_10C621,0x10C621,惡尹荓,b463a4a8d3b14eb2f6ab44a1b3a75fa148,17,dialogue
dialogue_10C634,0x10C634,安在,a1b3a677a662a148,8,dialogue
dialogue_10C765,0x10C765,腳底抹油,efb06b2573b87da9b3a9d9aa6fa149b06ba4a7a4d4a4d4a149,25,dialogue
dialogue_10C790,0x10C790,壯志未酬身先死,2573a7a7a7d3a5bcb953a8ada5fda6baa149aaf8a8cfad5eb6afb25cbaa1c368a149,34,dialogue
dialogue_10C7C7,0x10C7C7,受驚嚇,25a8fcc5e5c07ea149,9,dialogue
dialogue_10C984,0x10C984,一族自此沒入歷史洪流,a767a5440663257301a7a7a7d3a5bcb953a8ada5fda6baa149abe1c47ea453b54ca4482c0663257301a440b1daa6dba6b9a853a44abefaa576ac78ac79a149,63,dialogue
dialogue_10CBBF,0x10CBBF,被煽動叛變,480663257301b351bab4b0caab71c5dc2ca6620606257301b070a6dba5dfacb0a4fda149,36,dialogue
dialogue_10CF4D,0x10CF4D,雄十一,5eb6afa451a440,7,dialogue
dialogue_10CF55,0x10CF55,十二,68a149a451a447,7,dialogue
dialogue_10CF5D,0x10CF5D,傷晴,74b6cbb4b8,5,dialogue
dialogue_10CF73,0x10CF73,釵镼,b3a6e8a55f,5,dialogue
dialogue_10CF79,0x10CF79,逃北,49b06ba55f,5,dialogue
dialogue_10CF8C,0x10CF8C,東南,aa46ab6e,4,dialogue
dialogue_10CF97,0x10CF97,汝與吾主相約之事,54b14ead78a149a6bcbb50a75ea544acdbacf9a4a7a8c6a14da6b9aec9a4a3a6e6a14da7f3abdda6f3aec9a149,45,dialogue
dialogue_10CFC5,0x10CFC5,願隨者與吾同生共死,a57c20b2b3ad78a468a149a75ea477adb0a1b3a45da149c440c048aaccbb50a75ea650a5cda640a6baa149a4a3c440c048aacca6dba568a149,57,dialogue
dialogue_10D033,0x10D033,四方英雄莫不相助以創大業,73a548b14ead78a4a7a47ea14da55ca657b449b651a670b1b4c56ea8faaaaba6d5a149a75ea544a1b3b6b6a4d1c0b3a448a14da548a677a4d1a455a151a57ca4e8ad5eb6afb2f6a4a3acdba755a548b3d0a46ab77ea143b14ead78a6f3a4a3a640c1b8b2b1c17ca148ab68a4d1a455a9afacc6a14db855a5c1a9afacc6a143,127,dialogue
dialogue_10D0B3,0x10D0B3,如撥雲霧而見青天,a6a4b5b94aa9faa544a14da670bcb7b6b3c3faa6d3a8a3ab43a4d1a149,29,dialogue
dialogue_10D0F4,0x10D0F4,誰敢與吾決一死戰,bdd6b4b1bb50a75ea84da440a6babed4a149,18,dialogue
dialogue_10D107,0x10D107,來取汝性命,a1af53a8d3a8faa6bca9caa952a149,15,dialogue
dialogue_10D117,0x10D117,不配與吾交手,a4a6bcacb0a6f3a448a148a4a3b074bb50a75ea5e6a4e2a149,25,dialogue
dialogue_10D131,0x10D131,大愚,a46ab74d4150424c4b2e475250,13,dialogue
dialogue_10D192,0x10D192,定要全軍撤退嗎,7ca9bd54a977ad6ea5fead78ba4db068b6dca148,20,dialogue
dialogue_10D1AB,0x10D1AB,惜鶠,b1a4f5a140a140a7f0,9,dialogue
dialogue_10D1B5,0x10D1B5,瑣埽,babed4b54c,5,dialogue
dialogue_10D1C2,0x10D1C2,蟋忖洏媦衧側藹,a6bc06c1b5a6a4cfa5d8bcd0acb0bcc4a767a544a149ac47a6b9ad70b54caa6ba8cfa5cea149,38,dialogue
dialogue_10D1F4,0x10D1F4,無法進行休養療傷,06c1b17aa9d2c4e2ad78b8eaa4a3a8aca141b54caa6bb669a6e6a5f0be69c0f8b6cba149,36,dialogue
dialogue_10D274,0x10D274,無法實施激勵士氣,06c1b17aa9d2c4e2ad78b8eaa4a3a8aca141b54caa6bb9eaac49bf45c079a468aef0a149,36,dialogue
dialogue_10D375,0x10D375,部隊的位置,68b3d2bdd0b074b86d2573b3a1b6a4aabaa6ecb86d,21,dialogue
dialogue_10D38B,0x10D38B,攻城兵器的位置,a6bdd0b074b86d2573a7f0abb0a74cbeb9aabaa6ecb86d,23,dialogue
dialogue_10D3C8,0x10D3C8,輜重,bdfdadab202573,7,dialogue
dialogue_10D3E8,0x10D3E8,陣形,b07da7ce202573,7,dialogue
dialogue_10D42F,0x10D42F,中哄,a4a4aba140c4f5,7,dialogue
dialogue_10D437,0x10D437,戍僱蔡,a6a7b9b5bdb276202535642525,13,dialogue
dialogue_10D4A3,0x10D4A3,因士兵逃離死傷殆盡,202573a141a65da468a74cb06bc2f7a6bab6cbac70bac9a149a575a66eba4db068a65e2573b070,39,dialogue
dialogue_10D50B,0x10D50B,因士兵逃光了,1e2573a141a65da468a74cb06ba5faa446a149a575a66eba4db068a65e2573abb0a4ba,35,dialogue
dialogue_10D5FF,0x10D5FF,是否要攀牆攻城,01ac4fa75fad6ec36bc0f0a7f0abb0a148,17,dialogue
dialogue_10D611,0x10D611,領是否要使用雲梯攀牆攻城,76bbe2ac4fa75fad6ea8cfa5ceb6b3b1e8c36bc0f0a7f0abb0a148,27,dialogue
dialogue_10D641,0x10D641,立刻攻擊接鄰的敵部隊嗎,e0aeb7ad6ea5dfa8e8a7f0c0bbb1b5be46aababcc4b3a1b6a4b6dca148,29,dialogue
dialogue_10D65F,0x10D65F,請選擇欲要攻擊的敵部隊,7dbdd0bfefbedcb1fdad6ea7f0c0bbaababcc4b3a1b6a4,23,dialogue
dialogue_10D677,0x10D677,選擇出欲要射擊的敵部隊,aea457a455a5aaa56bb2beb0caa661b9cfa141bfefbedca558b1fdad6eae67c0bbaababcc4b3a1b6a4,41,dialogue
dialogue_10D7A1,0x10D7A1,否火攻計失敗了,4fa75fa4f5a7f0ad70a5a2b1d1a446a149,17,dialogue
dialogue_10D918,0x10D918,軍已經全軍覆滅,2573ad78a477b867a5fead78c2d0b7c0a1412573a7a7af50a6a8a4afa149,30,dialogue
dialogue_10D973,0x10D973,軍的發石車已被摧毀,412573ad78aabab56fa5dba8aea477b351ba52b7b4a149,23,dialogue
dialogue_10D98B,0x10D98B,軍的衝車已被摧毀,3f2573ad78aababdc4a8aea477b351ba52b7b4a149,21,dialogue
dialogue_10D9A2,0x10D9A2,軍的雲梯已被摧毀,04402573ad78aabab6b3b1e8a477b351ba52b7b4a149,22,dialogue
dialogue_10D9BC,0x10D9BC,軍的井蘭已被摧毀,2573ad78aabaa4abc4f5a477b351ba52b7b4a149,20,dialogue
dialogue_10D9D1,0x10D9D1,覆楔蒂巧舅,c2d0b7a4b8a6a5a9b8a477b351ba52b7b4a149,19,dialogue
dialogue_10D9E5,0x10D9E5,牙拍已被摧毀,2573adaf54a4faa9e7a477b351ba52b7b4a149,19,dialogue
dialogue_10D9F9,0x10D9F9,叉檑已被摧毀,b351aba95da465ed44a477b351ba52b7b4a149,19,dialogue
dialogue_10DA9F,0x10DA9F,進行策反誘降,73ac4fa75fb9ef2573b669a6e6b5a6a4cfbba4adb0a148,23,dialogue
dialogue_10DAD5,0x10DAD5,實施此計需耗金,7a743fb9eaac49a6b9ad70bbddafd3aaf72564bffaa141bd54a977b9eaac49b6dc3f,34,dialogue
dialogue_10DAF8,0x10DAF8,所攜軍資不足,06c1b17aa9d2c4e2ad78b8eaa4a3a8aca141b54caa6bb9eaac49a149,28,dialogue
dialogue_10DB15,0x10DB15,需耗材料金,a1d0a1a8cfa5cea9b8bd62a7f0c0bba149bbddafd3a7f7aec6aaf72564bffaa141bd54a977b9eaac49b6dc3f,44,dialogue
dialogue_10DB80,0x10DB80,進行燒糧兼搶糧之計,0663257301ae74a448bce7b66906062573b07001b669a6e6bf4ec2b3adddb76dc2b3a4a7ad70a149,40,dialogue
dialogue_10DBC7,0x10DBC7,計謀成功了,494049a149ad70bfd1a6a8a55ca446a149bf4ebcc4ad78c2b32564b1d8a141b76db16f2564b1d8,39,dialogue
dialogue_10DBEF,0x10DBEF,糧的計謀被識穿了,5406c1bf4ec2b3aabaad70bfd1b351c3d1acefa446a149a8c3a542a7e9b76ca468a74c2564a657,39,dialogue
dialogue_10DC17,0x10DC17,令間者滲透敵陣,7aa54fb6a1aaccbaafb37abcc4b07da14db4b2a747c1c1a8a5a151a548b6c3a9bcad78a4a7ad78a4dfa143,43,dialogue
dialogue_10DC43,0x10DC43,四處散播謠言,06257301a952a448bce7b66906062573b07001a57cb342b4b2bcbdc1c1a8a5a149,33,dialogue
dialogue_10DC68,0x10DC68,謠言已在敵營中散開,ad70bfd1a6a8a55ca446a149c1c1a8a5a477a662bcc4c0e7a4a4b4b2b67da141a8c3a6b3ad59a47aa468a74cb06ba460a149,50,dialogue
dialogue_10DD50,0x10DD50,我軍密探順利偵察到敵軍情報,a7daad78b14bb1b4b6b6a751b0bbb9eea8ecbcc4ad78b1a1b3f8a149,28,dialogue
dialogue_10DD6D,0x10DD6D,銈襤遜蹓覺,e4aec4b0bbb9eebcc4b1a1a5a2b1d1a149,17,dialogue
dialogue_10DDDB,0x10DDDB,籇菕,f4a9dba140a140adb0,9,dialogue
dialogue_10DE14,0x10DE14,部隊的陣形,bdd0bfefbedc2573b3a1b6a4aabab07da7ce,18,dialogue
dialogue_10DE70,0x10DE70,確定要將其斬首嗎,bd54a977ad6eb14ea8e4b1d9adbab6dca148,18,dialogue
dialogue_10DE83,0x10DE83,被押赴大牢囚禁,540606257301b351a9e3ad75a46aa863a57db854,20,dialogue
dialogue_10DE98,0x10DE98,確定要將其釋放嗎,bd54a977ad6eb14ea8e4c4c0a9f1b6dca148,18,dialogue
dialogue_10DEAB,0x10DEAB,被釋放,250606257301b351c4c0a9f1a149,14,dialogue
dialogue_10DEBA,0x10DEBA,被押赴刑場斬首示眾,64200606257301b351a9e3ad75a644b3f5b1d9adbaa5dcb2b3,25,dialogue
menu_0FE01F,0xFE01F,蟫傅,f0bfb3c551,5,menu
menu_0FE033,0xFE033,元皓,73a4b8b571,5,menu
menu_0FE08F,0xFE08F,德瑜,71bc77b7ec,5,menu
menu_0FE095,0xFE095,初延,6caaeca9b5,5,menu
menu_0FE0C7,0xFE0C7,聽邦,c5a5a8b946,5,menu
menu_0FE123,0xFE123,文博,46a4e5b3d5,5,menu
menu_0FE133,0xFE133,季文,76a975a4e5,5,menu
menu_0FE157,0xFE157,文然,5ea4e5b54d,5,menu
menu_0FE15D,0xFE15D,璜穆,6cbf58bf70,5,menu
menu_0FE163,0xFE163,棓鉾,d9abe4b54d,5,menu
menu_0FE183,0xFE183,遂高,59b945b0aa,5,menu
menu_0FE193,0xFE193,平叔,71a5ada8fb,5,menu
menu_0FE1A5,0xFE1A5,理冷,67b27aa74e,5,menu
menu_0FE1DF,0xFE1DF,子遠,76a46cbbb7,5,menu
menu_0FE1E7,0xFE1E7,孔休,46a4d5a5f0,5,menu
menu_0FE1FB,0xFE1FB,奉先,7ca95ea5fd,5,menu
menu_0FE213,0xFE213,子恪,4da46cabf1,5,menu
menu_0FE25D,0xFE25D,蘭宋,6cc4f5a7ba,5,menu
menu_0FE263,0xFE263,仲子,44a5f2a46c,5,menu
menu_0FE269,0xFE269,葆祖,b8b6afaa47,5,menu
menu_0FE2BB,0xFE2BB,暀撟,d9a4e5b946,5,menu
menu_0FE2C1,0xFE2C1,恪堪,6cabf1b3f4,5,menu
menu_0FE2E5,0xFE2E5,明傕,6ca9fad852,5,menu
menu_0FE313,0xFE313,元凱,6ca4b8b3cd,5,menu
menu_0FE333,0xFE333,沙摩可,42a846bcafa569,7,menu
menu_0FE35B,0xFE35B,蠾鶞,f9a6f5aa76,5,menu
menu_0FE367,0xFE367,椪鼮,d9aef5b96c,5,menu
menu_0FE36D,0xFE36D,恪邢,6cabf1a8b7,5,menu
menu_0FE387,0xFE387,朵思大王,59a6b7abe4a46aa4fd,9,menu
menu_0FE391,0xFE391,明韋,6ca9faadb3,5,menu
menu_0FE3B3,0xFE3B3,蓿坐,bdb6a7a468,5,menu
menu_0FE3C9,0xFE3C9,瑜倉,42b7ecaddc,5,menu
menu_0FE3D3,0xFE3D3,幼平,46a5aea5ad,5,menu
menu_0FE3D9,0xFE3D9,山善,6ca473b5bd,5,menu
menu_0FE3E3,0xFE3E3,砟蝸,afa4bdbd40,5,menu
menu_0FE3FB,0xFE3FB,仲直,5da5f2aabd,5,menu
menu_0FE419,0xFE419,恪優,6cabf1c075,5,menu
menu_0FE45B,0xFE45B,漯鷩穭,baaaf7c0f4a454b5b2,9,menu
menu_0FE467,0xFE467,德偉,44bc77b0b6,5,menu
menu_0FE48B,0xFE48B,鴻豫,42c245bfdd,5,menu
menu_0FE491,0xFE491,德豔,bdbd40bc77c676,7,menu
menu_0FE4CF,0xFE4CF,伯約,61a742acf9,5,menu
menu_0FE4DB,0xFE4DB,磟茖,eaacd3a86a,5,menu
menu_0FE509,0xFE509,鷩轗,f7c0f4dc48,5,menu
menu_0FE52B,0xFE52B,玄威,46a5c8abc2,5,menu
menu_0FE543,0xFE543,祝融夫人,76afacbfc4a4d2a448,9,menu
menu_0FE55F,0xFE55F,何燒戈,f9ab58a6f3bf4ea4e0,9,menu
menu_0FE56B,0xFE56B,暀萵,d9a4b8b14e,5,menu
menu_0FE571,0xFE571,奕晃,42abb3aecc,5,menu
menu_0FE587,0xFE587,磥蝌,eaa4bdc15a,5,menu
menu_0FE5B1,0xFE5B1,悄鄏,aea8e0a673,5,menu
menu_0FE5BF,0xFE5BF,伯仁,44a742a4af,5,menu
menu_0FE5CD,0xFE5CD,元恩,40a4b8aea6,5,menu
menu_0FE5D7,0xFE5D7,元讓,46a4b8c5fd,5,menu
menu_0FE5DF,0xFE5DF,妙才,73a7aea47e,5,menu
menu_0FE5EB,0xFE5EB,雅權,40b6aec576,5,menu
menu_0FE5F1,0xFE5F1,玷躁,acbfc4bc77,5,menu
menu_0FE5F7,0xFE5F7,仲權,48a5f2c576,5,menu
menu_0FE613,0xFE613,鄐撱,e0a4e5bb4f,5,menu
menu_0FE647,0xFE647,武叔,71aa5aa8fb,5,menu
menu_0FE64D,0xFE64D,侯乾,4cab4ab0ae,5,menu
menu_0FE659,0xFE659,茠黖,d3aaecb56e,5,menu
menu_0FE665,0xFE665,權皓,71c576b571,5,menu
menu_0FE66B,0xFE66B,元宗,44a4b8a976,5,menu
menu_0FE677,0xFE677,伯符,76a742b2c5,5,menu
menu_0FE680,0xFE680,仲異,a5f2b2a7,4,menu
menu_0FE68B,0xFE68B,公禮,73a4bdc2a7,5,menu
menu_0FE69B,0xFE69B,幼臺,76a5aebb4f,5,menu
menu_0FE6A3,0xFE6A3,德達,48bc77b946,5,menu
menu_0FE6BB,0xFE6BB,韞羃,f3a5f2bb4f,5,menu
menu_0FE6C7,0xFE6C7,叔弼,4ea8fbb45d,5,menu
menu_0FE6D3,0xFE6D3,叔明,50a8fba9fa,5,menu
menu_0FE6D9,0xFE6D9,佐資,75a6f5b8ea,5,menu
menu_0FE6DF,0xFE6DF,磭衈,eaabdbc073,5,menu
menu_0FE70D,0xFE70D,高盛,6cb0aab2b1,5,menu
menu_0FE713,0xFE713,文嚮,76a4e5c251,5,menu
menu_0FE723,0xFE723,伯緒,76a742bafc,5,menu
menu_0FE72C,0xFE72C,元則,a4b8ab68,4,menu
menu_0FE74F,0xFE74F,元明,48a4b8a9fa,5,menu
menu_0FE76B,0xFE76B,季行,4fa975a6e6,5,menu
menu_0FE777,0xFE777,公達,5da4bdb946,5,menu
menu_0FE78F,0xFE78F,友若,73a4cdad59,5,menu
menu_0FE79B,0xFE79B,文若,71a4e5ad59,5,menu
menu_0FE7B5,0xFE7B5,葵蔑,b8aabdb04b,5,menu
menu_0FE7BB,0xFE7BB,空膍,aac5e3a86a,5,menu
menu_0FE7CB,0xFE7CB,本初,5aa5bbaaec,5,menu
menu_0FE7D1,0xFE7D1,緒術,42bafcb34e,5,menu
menu_0FE7D8,0xFE7D8,公路,a4bdb8f4,4,menu
menu_0FE7E3,0xFE7E3,顯奕,73c5e3abb3,5,menu
menu_0FE7E9,0xFE7E9,榮譚,6aba61c3d3,5,menu
menu_0FE7EF,0xFE7EF,顯思,40c5e3abe4,5,menu
menu_0FE7FB,0xFE7FB,伯業,48a742b77e,5,menu
menu_0FE80D,0xFE80D,勒萌,6cb0c7b5de,5,menu
menu_0FE817,0xFE817,季常,4fa975b160,5,menu
menu_0FE81F,0xFE81F,德信,4ebc77ab48,5,menu
menu_0FE83F,0xFE83F,壽成,59b9d8a6a8,5,menu
menu_0FE857,0xFE857,鶪虜,f5a4b8b871,5,menu
menu_0FE85D,0xFE85D,滬韃,baadc5b676,5,menu
menu_0FE897,0xFE897,桓觸,b3af51aed9c4b2,7,menu
menu_0FE8AF,0xFE8AF,季珪,7ea975af5e,5,menu
menu_0FE8D7,0xFE8D7,叔嗣,46a8fbb6e0,5,menu
menu_0FE8F3,0xFE8F3,言疆,a8a5c3a67e,5,menu
menu_0FE90D,0xFE90D,滬躑,baadc5ad5e,5,menu
menu_0FE923,0xFE923,翼德,76c16cbc77,5,menu
menu_0FE934,0xFE934,稚叔,b858a8fb,4,menu
menu_0FE93F,0xFE93F,惠恕,73b466aea4,5,menu
menu_0FE945,0xFE945,桓衛,51aed9bdc3,5,menu
menu_0FE94F,0xFE94F,鉹螂,e4a4bdb852,5,menu
menu_0FE967,0xFE967,文遠,44a4e5bbb7,5,menu
menu_0FE96D,0xFE96D,文翼,68a4e5c16c,5,menu
menu_0FE973,0xFE973,伯恭,4fa742aea5,5,menu
menu_0FE97F,0xFE97F,孟卓,48a973a8f4,5,menu
menu_0FE9A7,0xFE9A7,德容,59bc77ae65,5,menu
menu_0FE9CB,0xFE9CB,敬仲,51b771a5f2,5,menu
menu_0FE9D1,0xFE9D1,德節,6cbc77b860,5,menu
menu_0FE9FB,0xFE9FB,子桓,40a46caed9,5,menu
menu_0FEA01,0xFEA01,文烈,bdb852a4e5af50,7,menu
menu_0FEA0F,0xFEA0F,彭祖,5eb45eafaa,5,menu
menu_0FEA17,0xFEA17,安民,44a677a5c1,5,menu
menu_0FEA1D,0xFEA1D,文性,68a4e5a9ca,5,menu
menu_0FEA3F,0xFEA3F,黥漸,f5b4baa56c,5,menu
menu_0FEA57,0xFEA57,子丹,59a46ca4a6,5,menu
menu_0FEA7B,0xFEA7B,子建,51a46cabd8,5,menu
menu_0FEA81,0xFEA81,德彰,6cbc77b9fc,5,menu
menu_0FEAAF,0xFEAAF,元仲,52a4b8a5f2,5,menu
menu_0FEACF,0xFEACF,于瓊,4fa45fc3a3,5,menu
menu_0FEAD5,0xFEAD5,脩于導,6cb2e7a45fbec9,7,menu
menu_0FEAFF,0xFEAFF,仲康,47a5f2b164,5,menu
menu_0FEB05,0xFEB05,丹氾,6ca4a6a5c6,5,menu
menu_0FEB13,0xFEB13,元圖,4da4b8b9cf,5,menu
menu_0FEB27,0xFEB27,攸之,51a7f1a4a7,5,menu
menu_0FEB2D,0xFEB2D,德奕,6cbc77abb3,5,menu
menu_0FEB57,0xFEB57,暀蔚,d9a4bdab68,5,menu
menu_0FEB6F,0xFEB6F,公臺,44a4bdbb4f,5,menu
menu_0FEB7D,0xFEB7D,瓊就,5fc3a3b44e,5,menu
menu_0FEB8B,0xFEB8B,穭蛻,f4a4b8c073,5,menu
menu_0FEB9F,0xFEB9F,鄑粥,e0a7b5b05f,5,menu
menu_0FEBAF,0xFEBAF,季弼,64a975b45d,5,menu
menu_0FEBBF,0xFEBBF,威彥,4dabc2abdb,5,menu
menu_0FEBCB,0xFEBCB,聽藅,c5a5f0b257,5,menu
menu_0FEBDB,0xFEBDB,幼節,77a5aeb860,5,menu
menu_0FEBE1,0xFEBE1,益遜,42af71bbb9,5,menu
menu_0FEBE8,0xFEBE8,伯言,a742a8a5,4,menu
menu_0FEBED,0xFEBED,濟績,42c0d9c15a,5,menu
menu_0FEBF3,0xFEBF3,公紀,68a4bdacf6,5,menu
menu_0FEBF9,0xFEBF9,孝士仁,5ea7b5a468a4af,7,menu
menu_0FEC07,0xFEC07,恭祖,68aea5afaa,5,menu
menu_0FEC1B,0xFEC1B,公悌,44a4bdaead,5,menu
menu_0FEC29,0xFEC29,瓊嬰,5fc3a3c0a6,5,menu
menu_0FEC3B,0xFEC3B,永先,73a5c3a5fd,5,menu
menu_0FEC41,0xFEC41,齯敻,f8a4e5c04a,5,menu
menu_0FEC4F,0xFEC4F,帶來洞主,5fb161a8d3ac7da544,9,menu
menu_0FEC6D,0xFEC6D,竄蛣,c2abdbb54a,5,menu
menu_0FEC7F,0xFEC7F,遠志,51bbb7a7d3,5,menu
menu_0FEC8B,0xFEC8B,德樞,60bc77bccf,5,menu
menu_0FEC97,0xFEC97,孕羆,a5a5f2bc77,5,menu
menu_0FEC9F,0xFEC9F,德謀,68bc77bfd1,5,menu
menu_0FECA5,0xFECA5,孝銀,5ea7b5bbc8,5,menu
menu_0FECBB,0xFECBB,公舉,7ea4bdc17c,5,menu
menu_0FECC3,0xFECC3,盂咩,aabbaba742,5,menu
menu_0FECE7,0xFECE7,公覆,73a4bdc2d0,5,menu
menu_0FED07,0xFED07,休元,64a5f0a4b8,5,menu
menu_0FED37,0xFED37,越吉元帥,60b656a64ea4b8abd3,9,menu
menu_0FED5F,0xFED5F,德祖,4dbc77afaa,5,menu
menu_0FED77,0xFED77,威公,42abc2a4bd,5,menu
menu_0FED7D,0xFED7D,撠亂,e5b0b6c368,5,menu
menu_0FED8D,0xFED8D,升鋒,7ea4c9be57,5,menu
menu_0FED9F,0xFED9F,憟藇,e5a5f0ac4c,5,menu
menu_0FEDA7,0xFEDA7,鄍翾,e0a5f2bf6f,5,menu
menu_0FEDAF,0xFEDAF,茈悅,d3a5aeae5f,5,menu
menu_0FEDB7,0xFEDB7,公仁,64a4bda4af,5,menu
menu_0FEDBF,0xFEDBF,董荼奴,69b8b3b2fea5a3,7,menu
menu_0FEDDB,0xFEDDB,叔穎,51a8fbbf6f,5,menu
menu_0FEDE1,0xFEDE1,酮衖,e0acdbc148,5,menu
menu_0FEDEB,0xFEDEB,龔襲,4ec5c7c5a7,5,menu
menu_0FEDFB,0xFEDFB,仲翔,73a5f2b5be,5,menu
menu_0FEE0B,0xFEE0B,秧蝜,afb1e7b944,5,menu
menu_0FEE11,0xFEE11,祖詡,77afaae048,5,menu
menu_0FEE17,0xFEE17,炊憍,aaa4e5a94d,5,menu
menu_0FEE23,0xFEE23,炊蝨,aaa4bdbe5b,5,menu
menu_0FEE4B,0xFEE4B,苳葆,d0a4b8b669,5,menu
menu_0FEE67,0xFEE67,元儉,64a4b8bbfc,5,menu
menu_0FEE87,0xFEE87,宣高,57abc5b0aa,5,menu
menu_0FEEA0,0xFEEA0,子龍,a46cc073,4,menu
menu_0FEEC7,0xFEEC7,公壽,4da4bdb9d8,5,menu
menu_0FEED5,0xFEED5,瞻膜膜,c2a4bda4bda473,7,menu
menu_0FEEFF,0xFEEFF,玄德,4ca5c8bc77,5,menu
menu_0FEF13,0xFEF13,季玉,64a975a5c9,5,menu
menu_0FEF23,0xFEF23,子臺,57a46cbb4f,5,menu
menu_0FEF29,0xFEF29,寧曄,42b9e7bee7,5,menu
menu_0FEF2F,0xFEF2F,子陽,4ea46cb6a7,5,menu
menu_0FEF35,0xFEF35,酈祀,c5b0aac149,5,menu
menu_0FEF3B,0xFEF3B,公嗣,6fa4bdb6e0,5,menu
menu_0FEF4F,0xFEF4F,元穎,73a4b8bf6f,5,menu
menu_0FEF61,0xFEF61,康孔才,77b164a4d5a47e,7,menu
menu_0FEF75,0xFEF75,蝴娷,bdb9d8c27b,5,menu
menu_0FEF87,0xFEF87,子柔,73a46cac58,5,menu
menu_0FEFAB,0xFEFAB,元紹,4ca4b8b2d0,5,menu
menu_0FEFB3,0xFEFB3,濟彥,6fc0d9abdb,5,menu
menu_0FEFD1,0xFEFD1,臺樊,6cbb4fbcd4,5,menu
menu_0FEFF3,0xFEFF3,文珪,4ea4e5af5e,5,menu
menu_0FEFFC,0xFEFFC,承明,a9d3a9fa,4,menu
name_0FC010,0xFC010,玩蝪,aab1e7b0,4,name
name_0FC018,0xFC018,拲蝵,d1b1e7bd,4,name
name_0FC028,0xFC028,淳于,b245a45f,4,name
name_0FC040,0xFC040,何許昌,a6f3b35ca9f7,6,name
name_0FC050,0xFC050,馬許靖,b0a8b35cb974,6,name
name_0FC058,0xFC058,王許褚,a4fdb35cbb75,6,name
name_0FC078,0xFC078,逢紀,b37bacf6,4,name
name_0FC080,0xFC080,郭氾,b3a2a5c6,4,name
name_0FC098,0xFC098,郭淮,b3a2b261,4,name
name_0FC0A0,0xFC0A0,郭嘉,b3a2b9c5,4,name
name_0FC0C8,0xFC0C8,捖祖,d1b3afaa,4,name
name_0FC0F0,0xFC0F0,何陳就,a6f3b3afb44e,6,name
name_0FC100,0xFC100,馬陳登,b0a8b3afb56e,6,name
name_0FC108,0xFC108,王陳群,a4fdb3afb873,6,name
name_0FC128,0xFC128,陳矯,b3afc142,4,name
name_0FC130,0xFC130,陳蘭,b3afc4f5,4,name
name_0FC148,0xFC148,陳騫,b3afc4ca,4,name
name_0FC150,0xFC150,陸抗,b3b0a7dc,4,name
name_0FC178,0xFC178,捖聾,d1b3c5a4,4,name
name_0FC1A0,0xFC1A0,何傅僉,a6f3b3c5dcc2,6,name
name_0FC1B0,0xFC1B0,馬華歆,b0a8b5d8ddf5,6,name
name_0FC1B8,0xFC1B8,王華覈,a4fdb5d8f2f2,6,name
name_0FC1D8,0xFC1D8,洞主,ac7da544,4,name
name_0FC1E0,0xFC1E0,牽弘,b26fa5b0,4,name
name_0FC1F8,0xFC1F8,焦炳,b54aacb1,4,name
name_0FC200,0xFC200,程遠志,b57bbbb7a7d3,6,name
name_0FC250,0xFC250,費禕,b64fe2fc,4,name
name_0FC260,0xFC260,黃忠,b6c0a9be,4,name
name_0FC268,0xFC268,黃祖,b6c0afaa,4,name
name_0FC288,0xFC288,黃皓,b6c0b571,4,name
name_0FC290,0xFC290,黃劭,b6c0ca6f,4,name
name_0FC2A8,0xFC2A8,馮習,b6beb2df,4,name
name_0FC2D0,0xFC2D0,雅丹丞相,b6aea4a6a5e0acdb,8,name
name_0FC2D8,0xFC2D8,普越吉,b4b6b656a64e,6,name
name_0FC300,0xFC300,楊松,b7a8aa51,4,name
name_0FC310,0xFC310,楊柏,b7a8ac66,4,name
name_0FC318,0xFC318,楊洪,b7a8ac78,4,name
name_0FC338,0xFC338,楊密,b7a8b14b,4,name
name_0FC340,0xFC340,楊彪,b7a8b343,4,name
name_0FC358,0xFC358,楊醜,b7a8c1e0,4,name
name_0FC370,0xFC370,楊大將,b7a8a46ab14e,6,name
name_0FC388,0xFC388,楊欣,b7a8aa59,4,name
name_0FC3B0,0xFC3B0,董昭,b8b3ac4c,4,name
name_0FC3C0,0xFC3C0,董璜,b8b3bf58,4,name
name_0FC3C8,0xFC3C8,董衡,b8b3bfc5,4,name
name_0FC3E8,0xFC3E8,董禧,b8b3c148,4,name
name_0FC3F0,0xFC3F0,董厥,b8b3b3d6,4,name
name_0FC408,0xFC408,賈逵,b8ebb666,4,name
name_0FC420,0xFC420,賈充,b8eba552,4,name
name_0FC438,0xFC438,雍闓,b96cf16d,4,name
name_0FC470,0xFC470,葛雍,b8afb96c,4,name
name_0FC478,0xFC478,廖化,b9f9a4c6,4,name
name_0FC498,0xFC498,趙岑,bbafa7c2,4,name
name_0FC4A0,0xFC4A0,趙昂,bbafa9f9,4,name
name_0FC4B8,0xFC4B8,趙雲,bbafb6b3,4,name
name_0FC4D0,0xFC4D0,趙衢,bbafc5fc,4,name
name_0FC4E8,0xFC4E8,趙弘,bbafa5b0,4,name
name_0FC520,0xFC520,劉永,bc42a5c3,4,name
name_0FC528,0xFC528,劉先,bc42a5fd,4,name
name_0FC548,0xFC548,劉封,bc42abca,4,name
name_0FC550,0xFC550,劉度,bc42abd7,4,name
name_0FC568,0xFC568,劉理,bc42b27a,4,name
name_0FC580,0xFC580,劉琦,bc42b561,4,name
name_0FC598,0xFC598,劉磐,bc42bd59,4,name
name_0FC5D0,0xFC5D0,劉晙,bc42d5ac,4,name
name_0FC5D8,0xFC5D8,劉琮,bc42da7a,4,name
name_0FC5F8,0xFC5F8,劉琰,bc42da7c,4,name
name_0FC600,0xFC600,劉劭,bc42ca6f,4,name
name_0FC618,0xFC618,蒯良,e3c7a87d,4,name
name_0FC630,0xFC630,種輯,bad8bfe8,4,name
name_0FC638,0xFC638,裴元紹,bb70a4b8b2d0,6,name
name_0FC648,0xFC648,翟元,bb43a4b8,4,name
name_0FC680,0xFC680,樂進,bcd6b669,4,name
name_0FC688,0xFC688,樂綝,bcd6e36a,4,name
name_0FC6A8,0xFC6A8,蔣奇,bdb1a95f,4,name
name_0FC6B0,0xFC6B0,蔣欽,bdb1b4dc,4,name
name_0FC6C8,0xFC6C8,蔣幹,bdb1b746,4,name
name_0FC6E0,0xFC6E0,蔡中,bdb2a4a4,4,name
name_0FC6F8,0xFC6F8,蔡陽,bdb2b6a7,4,name
name_0FC750,0xFC750,諸葛尚,bdd1b8afa97c,6,name
name_0FC758,0xFC758,諸葛靚,bdd1b8afe8b0,6,name
name_0FC760,0xFC760,鄭度,be47abd7,4,name
name_0FC778,0xFC778,鄭文,be47a4e5,4,name
name_0FC790,0xFC790,鄧義,be48b871,4,name
name_0FC7A8,0xFC7A8,鄧茂,be48ad5a,4,name
name_0FC800,0xFC800,閻象,c046b648,4,name
name_0FC808,0xFC808,霍峻,c04eae6d,4,name
name_0FC810,0xFC810,駱統,c064b2ce,4,name
name_0FC828,0xFC828,鮑龍,c06ac073,4,name
name_0FC840,0xFC840,盧遜,bf63bbb9,4,name
name_0FC858,0xFC858,蹇碩,eebfbad3,4,name
name_0FC8B0,0xFC8B0,鍾進,c1e9b669,4,name
name_0FC8B8,0xFC8B8,鍾會,c1e9b77c,4,name
name_0FC8C0,0xFC8C0,鍾繇,c1e9edd9,4,name
name_0FC8D8,0xFC8D8,應劭,c0b3ca6f,4,name
name_0FC8F0,0xFC8F0,韓胤,c1faad4e,4,name
name_0FC908,0xFC908,韓莒子,c1fab2f7a46c,6,name
name_0FC960,0xFC960,韓瑛,c1fab7eb,4,name
name_0FC968,0xFC968,韓瑤,c1fababd,4,name
name_0FC970,0xFC970,韓瓊,c1fac3a3,4,name
name_0FC988,0xFC988,顏良,c343a87d,4,name
name_0FC9A0,0xFC9A0,關平,c3f6a5ad,4,name
name_0FC9B8,0xFC9B8,關純,c3f6afc2,4,name
name_0FCA10,0xFCA10,龐會,c365b77c,4,name
name_0FCA18,0xFCA18,嚴白虎,c459a5d5aaea,6,name
name_0FCA20,0xFCA20,嚴綱,c459baf5,4,name
name_0FCA38,0xFCA38,嚴峻,c459ae6d,4,name
name_0FCA50,0xFCA50,蘇飛,c4acadb8,4,name
name_0FCA68,0xFCA68,黨均,c4d2a7a1,4,name
name_0FCB50,0xFCB50,埵骾,d8a6ef64,4,name
name_0FCBC8,0xFCBC8,酮菝,e0acdb6e,4,name
name_0FCC70,0xFCC70,竿沱,acf1aa62,4,name
name_0FCCA0,0xFCCA0,帝一,abd2a440,4,name
name_0FCCA8,0xFCCA8,斬黃巾英,b1d9b6c0a479ad5e,8,name
name_0FCCB0,0xFCCB0,雄首立功,b6afadbaa5dfa55c,8,name
name_0FCCB8,0xFCCB8,西元,a6e8a4b8,4,name
name_0FCCC8,0xFCCC8,廢漢,bc6fba7e,4,name
name_0FCCD0,0xFCCD0,帝陳留為,abd2b3afaf64acb0,8,name
name_0FCCF0,0xFCCF0,陶恭祖三,b3b3aea5afaaa454,8,name
name_0FCCF8,0xFCCF8,讓徐州,c5fdae7da67b,6,name
name_0FCD10,0xFCD10,戰官,bed4a978,4,name
name_0FCD18,0xFCD18,渡本初敗,b4e7a5bbaaecb1d1,8,name
name_0FCD38,0xFCD38,定三分隆,a977a454a4c0b6a9,8,name
name_0FCD40,0xFCD40,中決策,a4a4a84db5a6,6,name
name_0FCD58,0xFCD58,關雲,c3f6b6b3,4,name
name_0FCD60,0xFCD60,長放水渰,aaf8a9f1a4f4da4a,8,name
name_0FCD68,0xFCD68,七軍,a443ad78,4,name
name_0FCD80,0xFCD80,五丈原諸,a4ada456adecbdd1,8,name
name_0FCD88,0xFCD88,葛禳星,b8afc5a1ac50,6,name
name_0FCDC0,0xFCDC0,南皮,ab6ea5d6,4,name
name_0FCDE0,0xFCDE0,濮陽,c0e4b6a7,4,name
name_0FCDE8,0xFCDE8,陳留,b3afaf64,4,name
name_0FCDF0,0xFCDF0,洛陽,aca5b6a7,4,name
name_0FCDF8,0xFCDF8,弘農,a5b0b941,4,name
name_0FCE08,0xFCE08,安定,a677a977,4,name
name_0FCE18,0xFCE18,西涼,a6e8b244,4,name
name_0FCED8,0xFCED8,成都,a6a8b3a3,4,name
name_0FCEF0,0xFCEF0,建寧,abd8b9e7,4,name
name_0FCF28,0xFCF28,東風吹,aa46adb7a76a,6,name
name_0FCF30,0xFCF30,戰鼓擂,bed4b9aabedd,6,name
name_0FCF38,0xFCF38,陵三國,b3aea454b0ea,6,name
name_0FCF40,0xFCF40,風雲又再,adb7b6b3a453a641,8,name
name_0FCF58,0xFCF58,資料設定,b8eaaec6b35da977,8,name
name_0FD038,0xFD038,夏快樂上,ae4ca7d6bcd6a457,8,name
name_0FD080,0xFD080,新君,b773a767,4,name
name_0FD0A8,0xFD0A8,選擇所扮,bfefbedca9d2a7ea,8,name
name_0FD0B0,0xFD0B0,演的新君,ba74aabab773a767,8,name
name_0FD0C8,0xFD0C8,等級,b5a5afc5,4,name
name_0FD0D8,0xFD0D8,所持武,a9d2abf9aa5a,6,name
name_0FD110,0xFD110,請選擇,bdd0bfefbedc,6,name
name_0FD118,0xFD118,新君主所,b773a767a544a9d2,8,name
name_0FD120,0xFD120,屬武將,c4ddaa5ab14e,6,name
name_0FD138,0xFD138,選擇新君,bfefbedcb773a767,8,name
name_0FD140,0xFD140,主登場郡,a544b56eb3f5b070,8,name
name_0FD170,0xFD170,目前,a5d8ab65,4,name
name_0FD1A8,0xFD1A8,持武器,abf9aa5abeb9,6,name
name_0FD1C8,0xFD1C8,決定,a84da977,4,name
name_0FD1D0,0xFD1D0,偯蟔擗,b0c0f0c5e9a4,6,name
name_0FD1F0,0xFD1F0,武力,aa5aa44f,4,name
name_0FD210,0xFD210,統御,b2ceb173,4,name
name_0FD290,0xFD290,外交,a57ea5e6,4,name
name_0FD2B0,0xFD2B0,人德,a448bc77,4,name
name_0FD2E0,0xFD2E0,士兵,a468a74c,4,name
name_0FD330,0xFD330,已建有,a477abd8a6b3,6,name
name_0FD338,0xFD338,名新武將,a657b773aa5ab14e,8,name
name_0FD368,0xFD368,刪除,a752b0a3,4,name
name_0FD3C0,0xFD3C0,十一,a451a440,4,name
name_0FD408,0xFD408,始執行本,a96cb0f5a6e6a5bb,8,name
name_0FD410,0xFD410,月所下達,a4eba9d2a455b946,8,name
name_0FD418,0xFD418,之政令,a4a7ac46a54f,6,name
name_0FD428,0xFD428,主不在此,a544a4a3a662a6b9,8,name
name_0FD430,0xFD430,郡縣內,b070bfa4a4ba,6,name
name_0FD438,0xFD438,語音,bb79adb5,4,name
name_0FD440,0xFD440,開啟,b67db1d2,4,name
name_0FD448,0xFD448,語音關閉,bb79adb5c3f6b3ac,8,name
name_0FD450,0xFD450,音樂,adb5bcd6,4,name
name_0FD460,0xFD460,音樂關閉,adb5bcd6c3f6b3ac,8,name
name_0FD470,0xFD470,息是為了,aea7ac4facb0a446,8,name
name_0FD478,0xFD478,走更長的,a8aba7f3aaf8aaba,8,name
name_0FD480,0xFD480,確定,bd54a977,4,name
name_0FD488,0xFD488,結束遊戲,b5b2a7f4b943c0b8,8,name
name_0FD4B8,0xFD4B8,下達命令,a455b946a952a54f,8,name
name_0FD4F0,0xFD4F0,請選,bdd0bfef,4,name
name_0FD4F8,0xFD4F8,擇存檔的,bedca673c0c9aaba,8,name
name_0FD500,0xFD500,位置,a6ecb86d,4,name
name_0FD508,0xFD508,該位置,b8d3a6ecb86d,6,name
name_0FD510,0xFD510,已有存放,a477a6b3a673a9f1,8,name
name_0FD518,0xFD518,資料,b8eaaec6,4,name
name_0FD520,0xFD520,否覆蓋舊,a75fc2d0bb5cc2c2,8,name
name_0FD528,0xFD528,檔案,c0c9aed7,4,name
name_0FD548,0xFD548,請稍等,bdd0b579b5a5,6,name
name_0FD550,0xFD550,存寫資,a673bc67b8ea,6,name
name_0FD558,0xFD558,料中,aec6a4a4,4,name
name_0FD568,0xFD568,存放完畢,a673a9f1a7b9b2a6,8,name
name_0FD570,0xFD570,請按鍵,bdd0abf6c1e4,6,name
name_0FD578,0xFD578,繼續,c47ec4f2,4,name
name_0FD5A8,0xFD5A8,擇取檔的,bedca8fac0c9aaba,8,name
name_0FD5B0,0xFD5B0,編號,bd73b8b9,4,name
name_0FD5C0,0xFD5C0,檔案載,c0c9aed7b8fc,6,name
name_0FD5C8,0xFD5C8,入中,a44aa4a4,4,name
name_0FD5D0,0xFD5D0,是載入,ac4fb8fca44a,6,name
name_0FD5D8,0xFD5D8,完畢,a7b9b2a6,4,name
name_0FD5E0,0xFD5E0,按鍵繼續,abf6c1e4c47ec4f2,8,name
name_0FD5F0,0xFD5F0,請選擇要,bdd0bfefbedcad6e,8,name
name_0FD608,0xFD608,姿猼滌,abbadeaabab0,6,name
name_0FD660,0xFD660,車司馬,a8aea571b0a8,6,name
name_0FD698,0xFD698,統御提,b2ceb173b4a3,6,name
name_0FD6A0,0xFD6A0,升至,a4c9a6dc,4,name
name_0FD6A8,0xFD6A8,兵法提,a74caa6bb4a3,6,name
name_0FD6B8,0xFD6B8,人德提,a448bc77b4a3,6,name
name_0FD748,0xFD748,政治提,ac46aa76b4a3,6,name
name_0FD7C8,0xFD7C8,外交提,a57ea5e6b4a3,6,name
name_0FD860,0xFD860,投效,a7ebaec4,4,name
name_0FD880,0xFD880,確定執行,bd54a977b0f5a6e6,8,name
name_0FD9C0,0xFD9C0,三國演義,a454b0eaba74b871,8,name
name_0FD9F0,0xFD9F0,郡目前受,b070a5d8ab65a8fc,8,name
name_0FD9F8,0xFD9F8,電腦委任,b971b8a3a965a5f4,8,name
name_0FDA18,0xFDA18,命令,a952a54f,4,name
name_0FDA90,0xFDA90,俘虜,ab52b8b8,4,name
name_0FDA98,0xFDA98,受傷,a8fcb6cb,4,name
name_0FDAA0,0xFDAA0,生病,a5cdaf66,4,name
name_0FDAA8,0xFDAA8,現役,b27ba7d0,4,name
name_0FDB38,0xFDB38,武器,aa5abeb9,4,name
name_0FDB78,0xFDB78,兵數,a74cbcc6,4,name
name_0FDBF8,0xFDBF8,繼任大,c47ea5f4a46a,6,name
name_0FDC08,0xFDC08,君主,a767a544,4,name
name_0FDC40,0xFDC40,繼任大位,c47ea5f4a46aa6ec,8,name
name_0FDC78,0xFDC78,又無人,a453b54ca448,6,name
name_0FDC98,0xFDC98,統一,b2cea440,4,name
name_0FDCA0,0xFDCA0,大業終成,a46ab77eb2d7a6a8,8,name
name_0FDCA8,0xFDCA8,春秋大夢,ac4baceea46ab9da,8,name
name_0FDCB0,0xFDCB0,遊戲終,b943c0b8b2d7,6,name
name_0FDCD0,0xFDCD0,郡逃回,b070b06ba65e,6,name
name_0FDCD8,0xFDCD8,京城,a8caabb0,4,name
name_0FDCF8,0xFDCF8,郡逃回京,b070b06ba65ea8ca,8,name
name_0FDD20,0xFDD20,承淵,a9d3b257,4,name
name_0FDD40,0xFDD40,敬禮,b771c2a7,4,name
name_0FDD60,0xFDD60,兀突,a461acf0,4,name
name_0FDD78,0xFDD78,子服,a46caa41,4,name
name_0FDDB0,0xFDDB0,訄磥,d0b0eaa4,4,name
name_0FDDD0,0xFDDD0,叔治,a8fbaa76,4,name
name_0FDE10,0xFDE10,仲宣,a5f2abc5,4,name
name_0FDE38,0xFDE38,文舒,a4e5b5ce,4,name
name_0FDE68,0xFDE68,孔碩,a4d5bad3,4,name
name_0FDE80,0xFDE80,玄沖,a5c8a852,4,name
name_0FDED8,0xFDED8,仲業,a5f2b77e,4,name
name_0FDF00,0xFDF00,菾階,dbb0b6a5,4,name
name_0FDF48,0xFDF48,公緒,a4bdbafc,4,name
name_0FDF60,0xFDF60,次曾,a6b8b4bf,4,name
name_0FDF70,0xFDF70,思潛,abe4bce7,4,name
name_0FDF88,0xFDF88,木鹿,a4ecb3c0,4,name
name_0FDFC0,0xFDFC0,伯達,a742b946,4,name
name_0FDFD0,0xFDFD0,仲達,a5f2b946,4,name
name_0FDFD8,0xFDFD8,叔達,a8fbb946,4,name
name_0FDFE0,0xFDFE0,義望,b871b1e6,4,name
name_0FB017,0xFB017,孫子兵法,40ae5da46ca74caa6b,9,name
name_0FB021,0xFB021,孟德新書,baac46a973bc77b773aed1,11,name
name_0FB02F,0xFB02F,穭茈限,f4a4d3a5adad6eb34e,9,name
name_0FB039,0xFB039,奇門遁甲天書,bcb14ea95faaf9b950a5d2a4d1aed1,15,name
name_0FB049,0xFB049,將遁甲天書,5ab14eb950a5d2a4d1aed1,11,name
name_0FB055,0xFB055,弩青囊書,73a9b8ab43c56eaed1,9,name
name_0FB05F,0xFB05F,雜病論,eeb6cbb448c2f8af66bdd7,11,name
name_0FB06B,0xFB06B,赤兔馬,78a8aaa8dfb0a8,7,name
name_0FB073,0xFB073,的蘆,69aabac4aa,5,name
name_0FB07B,0xFB07B,穭鷇嶺號,f4a4f6b6c0adb8b971,9,name
name_0FB085,0xFB085,蒂戊,b8a6a5b370bbbbb0a8,9,name
name_0FB08F,0xFB08F,烏馬,a1b260af51b0a8,7,name
name_0FB097,0xFB097,捲毛赤兔馬,61b1b2a4f2a8aaa8dfb0a8,11,name
name_0FB0A3,0xFB0A3,黃驃馬,43b6c0c559b0a8,7,name
name_0FB0AB,0xFB0AB,蒔糷,e3c2f9a44d,5,name
name_0FB0B4,0xFB0B4,大刀,a46aa44d,4,name
name_0FB0BB,0xFB0BB,大砍刀,40a46aace5a44d,7,name
name_0FB0C3,0xFB0C3,三尖刀,40a454a679a44d,7,name
name_0FB0CB,0xFB0CB,日月刀,6ba4e9a4eba44d,7,name
name_0FB0D3,0xFB0D3,截頭大刀,77ba49c059a46aa44d,9,name
name_0FB0DD,0xFB0DD,星寶刀,d3a5ada443ac50c45fa44d,11,name
name_0FB0E9,0xFB0E9,門三尖兩刃刀,5faaf9a454a679a8e2a462a44d,13,name
name_0FB0F7,0xFB0F7,青釭劍,4eab43b3aabc43,7,name
name_0FB0FF,0xFB0FF,悜吨捊,d1adcaa4d1bc43,7,name
name_0FB107,0xFB107,雙股劍,6ec2f9aad1bc43,7,name
name_0FB10F,0xFB10F,鐵鞭,48c54bc340,5,name
name_0FB117,0xFB117,青龍偃月刀,78ab43c073b0b3a4eba44d,11,name
name_0FB129,0xFB129,山大斧,f6b6c0b67da473a46aa9f2,11,name
name_0FB135,0xFB135,遙蘸金斧,70bbbbc5d9aaf7a9f2,9,name
name_0FB13F,0xFB13F,鐵鎚,51c54bc2f1,5,name
name_0FB14F,0xFB14F,鐵蒺蔾骨朵,43c54be3b0eb49b0a9a6b7,11,name
name_0FB15B,0xFB15B,鐵鎗,4dc54bc2f2,5,name
name_0FB164,0xFB164,畫戟,b565b475,4,name
name_0FB16B,0xFB16B,雙鐵戟,40c2f9c54bb475,7,name
name_0FB173,0xFB173,方天畫戟,40a4e8a4d1b565b475,9,name
name_0FB183,0xFB183,丈八蛇矛,77a456a44bb344a5d9,9,name
name_0FB18D,0xFB18D,脊蛇矛,d3a5adc54bafe1b344a5d9,11,name
name_0FB199,0xFB199,門飛叉,5faaf9adb8a465,7,name
name_0FB1A1,0xFB1A1,玉璽,e2a462a5c9c3a2,7,name
name_0FB1A9,0xFB1A9,釭丁原,43b3aaa442adec,7,name
name_0FB1B1,0xFB1B1,吨悀,caa4d1a442a95e,7,name
name_0FB1B9,0xFB1B9,貜悀,f9aad1a442b4b4,7,name
name_0FB1C1,0xFB1C1,鞭丁儀,4bc340a442bbf6,7,name
name_0FB1C9,0xFB1C9,龍丁序,43c073a442a7c7,7,name
name_0FB1D9,0xFB1D9,鷇壑,f6b6c0a45fc153,7,name
name_0FB1E1,0xFB1E1,斧于詮,6aa9f2a45fb8e0,7,name
name_0FB1E9,0xFB1E9,椌髐,d9aaf7a461acf0b0a9,9,name
name_0FB201,0xFB201,蒺王子服,4be3b0a4fda46caa41,9,name
name_0FB20B,0xFB20B,王允,4da4fda4b9,5,name
name_0FB214,0xFB214,王方,a4fda4e8,4,name
name_0FB21B,0xFB21B,王平,40a4fda5ad,5,name
name_0FB223,0xFB223,王伉,40a4fda5ea,5,name
name_0FB229,0xFB229,戟王匡,65b475a4fda64a,7,name
name_0FB233,0xFB233,王甫,77a4fda86a,5,name
name_0FB239,0xFB239,矛王忠,44a5d9a4fda9be,7,name
name_0FB241,0xFB241,脊王昌,4bafe1a4fda9f7,7,name
name_0FB249,0xFB249,門王則,5faaf9a4fdab68,7,name
name_0FB251,0xFB251,王垢,e2a462a4fdabaf,7,name
name_0FB259,0xFB259,釭王威,43b3aaa4fdabc2,7,name
name_0FB271,0xFB271,鞭王基,4bc340a4fdb0f2,7,name
name_0FB279,0xFB279,龍王累,43c073a4fdb2d6,7,name
name_0FB291,0xFB291,斧王雙,6aa9f2a4fdc2f9,7,name
name_0FB2B1,0xFB2B1,蒺王必,4be3b0a4fda5b2,7,name
name_0FB2BB,0xFB2BB,王連,4da4fdb373,5,name
name_0FB2C4,0xFB2C4,王昶,a4fdceeb,4,name
name_0FB2CB,0xFB2CB,王肅,40a4fdb5c2,5,name
name_0FB2D3,0xFB2D3,王經,40a4fdb867,5,name
name_0FB2D9,0xFB2D9,戟王瓘,65b475a4fdf6f0,7,name
name_0FB2E3,0xFB2E3,王真,77a4fdaf75,5,name
name_0FB2E9,0xFB2E9,矛王含,44a5d9a4fda774,7,name
name_0FB2F1,0xFB2F1,脊王頎,4bafe1a4fde0e0,7,name
name_0FB2F9,0xFB2F9,門王祥,5faaf9a4fdb2bb,7,name
name_0FB301,0xFB301,王渾,e2a462a4fdb4fd,7,name
name_0FB309,0xFB309,釭王戎,43b3aaa4fda6a5,7,name
name_0FB311,0xFB311,吨悀蔭,caa4d1a4bdae5dc5d0,9,name
name_0FB31B,0xFB31B,悀蔭,d1a4bdae5dabd7,7,name
name_0FB323,0xFB323,公孫修,40a4bdae5dadd7,7,name
name_0FB32B,0xFB32B,公孫恭,73a4bdae5daea5,7,name
name_0FB333,0xFB333,炊蔭,aaa4bdae5db164,7,name
name_0FB33B,0xFB33B,壑蔭,c0a4bdae5db257,7,name
name_0FB343,0xFB343,礞蔭,f2a4bdae5db656,7,name
name_0FB353,0xFB353,韙敻,f1a4e5c06d,5,name
name_0FB361,0xFB361,蒺文聘,4be3b0a4e5b875,7,name
name_0FB36B,0xFB36B,文醜,4da4e5c1e0,5,name
name_0FB374,0xFB374,卞喜,a4cbb3df,4,name
name_0FB37B,0xFB37B,毋丘儉,40a4f0a543bbfc,7,name
name_0FB383,0xFB383,毋丘甸,40a4f0a543a86c,7,name
name_0FB38B,0xFB38B,毛玠,75a4f2cd6b,5,name
name_0FB393,0xFB393,太史慈,77a4d3a576b74f,7,name
name_0FB3A1,0xFB3A1,脊孔怞,4bafe1a4d5cca6,7,name
name_0FB3A9,0xFB3A9,門孔秀,5faaf9a4d5a871,7,name
name_0FB3B1,0xFB3B1,方悅,e2a462a4e8aeae,7,name
name_0FB3B9,0xFB3B9,釭尹奉,43b3aaa4a8a95e,7,name
name_0FB3D3,0xFB3D3,尹默,40a4a8c071,5,name
name_0FB3DB,0xFB3DB,尹禮,73a4a8c2a7,5,name
name_0FB3E3,0xFB3E3,炊角,aaa4a8a46aa5d8,7,name
name_0FB3EB,0xFB3EB,壑麭壑,c0a4ecb3c0a46aa4fd,9,name
name_0FB3F5,0xFB3F5,司馬炎,bdae5da571b0a8aaa2,9,name
name_0FB3FF,0xFB3FF,馬昭,dca571b0a8ac4c,7,name
name_0FB407,0xFB407,司馬師,6da571b0a8ae76,7,name
name_0FB40F,0xFB40F,馬朗,eaa571b0a8aed4,7,name
name_0FB417,0xFB417,司馬懿,75a571b0a8c574,7,name
name_0FB420,0xFB420,司馬孚,a571b0a8a7b7,6,name
name_0FB427,0xFB427,司馬望,40a571b0a8b1e6,7,name
name_0FB42F,0xFB42F,司馬攸,40a571b0a8a7f1,7,name
name_0FB437,0xFB437,司馬佃,75a571b0a8a6fa,7,name
name_0FB43F,0xFB43F,史渙,77a576b541,5,name
name_0FB44D,0xFB44D,脊左靈,4bafe1a5aac646,7,name
name_0FB455,0xFB455,門左咸,5faaf9a5aaab77,7,name
name_0FB45D,0xFB45D,甘寧,e2a462a5ccb9e7,7,name
name_0FB465,0xFB465,釭田章,43b3aaa5d0b3b9,7,name
name_0FB47F,0xFB47F,田續,40a5d0c4f2,5,name
name_0FB487,0xFB487,田楷,73a5d0b7a2,5,name
name_0FB49D,0xFB49D,王句安,6aa4fda579a677,7,name
name_0FB4A5,0xFB4A5,馬石苞,71b0a8a5dbad63,7,name
name_0FB4AD,0xFB4AD,馬丘建,71b0a8a543abd8,7,name
name_0FB4B5,0xFB4B5,馬伊籍,71b0a8a5ecc479,7,name
name_0FB4BD,0xFB4BD,馬伍習,71b0a8a5eeb2df,7,name
name_0FB4C5,0xFB4C5,馬伍瓊,71b0a8a5eec3a3,7,name
name_0FB4D0,0xFB4D0,伍延,a5eea9b5,4,name
name_0FB4D7,0xFB4D7,任峻,40a5f4ae6d,5,name
name_0FB4DF,0xFB4DF,全琮,40a5feda7a,5,name
name_0FB4E7,0xFB4E7,全懌,75a5fee97d,5,name
name_0FB4EF,0xFB4EF,全端,77a5febadd,5,name
name_0FB4FD,0xFB4FD,脊全紀,4bafe1a5feacf6,7,name
name_0FB505,0xFB505,門向朗,5faaf9a656aed4,7,name
name_0FB50D,0xFB50D,向寵,e2a462a656c364,7,name
name_0FB515,0xFB515,釭成宜,43b3aaa6a8a979,7,name
name_0FB51D,0xFB51D,吨悁邢,caa4d1a6a8b747,7,name
name_0FB52F,0xFB52F,成濟,40a6a8c0d9,5,name
name_0FB537,0xFB537,朱光,73a6b6a5fa,5,name
name_0FB53F,0xFB53F,爬隍,aaa6b6aa76,5,name
name_0FB54D,0xFB54D,王朱然,6aa4fda6b6b54d,7,name
name_0FB555,0xFB555,馬朱雋,71b0a8a6b6b96d,7,name
name_0FB55D,0xFB55D,馬朱褒,71b0a8a6b6bdc7,7,name
name_0FB565,0xFB565,馬朱靈,71b0a8a6b6c646,7,name
name_0FB56D,0xFB56D,馬朱讚,71b0a8a6b6c667,7,name
name_0FB575,0xFB575,馬朱異,71b0a8a6b6b2a7,7,name
name_0FB580,0xFB580,羊祜,a6cfd2e9,4,name
name_0FB587,0xFB587,吉太,40a64ea4d3,5,name
name_0FB58F,0xFB58F,吉邈,40a64ec2e4,5,name
name_0FB597,0xFB597,吉穆,75a64ebf70,5,name
name_0FB59F,0xFB59F,汪昭,77a84cac4c,5,name
name_0FB5AD,0xFB5AD,脊忙牙長,4bafe1a6a3a4faaaf8,9,name
name_0FB5B7,0xFB5B7,蠾騥,f9a6f3b669,5,name
name_0FB5BD,0xFB5BD,何儀,e2a462a6f3bbf6,7,name
name_0FB5C5,0xFB5C5,釭何曼,43b3aaa6f3b0d2,7,name
name_0FB5DF,0xFB5DF,何曾,40a6f3b4bf,5,name
name_0FB5E7,0xFB5E7,冷苞,73a74ead63,5,name
name_0FB5F7,0xFB5F7,子蘭,c0a764a46cc4f5,7,name
name_0FB605,0xFB605,馬吳敦,71b0a8a764b4b0,7,name
name_0FB60D,0xFB60D,馬吳景,71b0a8a764b4ba,7,name
name_0FB615,0xFB615,馬吳碩,71b0a8a764bad3,7,name
name_0FB61D,0xFB61D,馬吳質,71b0a8a764bde8,7,name
name_0FB625,0xFB625,馬吳蘭,71b0a8a764c4f5,7,name
name_0FB630,0xFB630,吳懿,a764c574,4,name
name_0FB637,0xFB637,吳粲,40a764df54,5,name
name_0FB63F,0xFB63F,吳綱,40a764baf5,5,name
name_0FB647,0xFB647,呂布,75a766a5ac,5,name
name_0FB64F,0xFB64F,呂公,77a766a4bd,5,name
name_0FB657,0xFB657,威璜,d9a766abc2bf58,7,name
name_0FB66D,0xFB66D,呂常,e2a462a766b160,7,name
name_0FB675,0xFB675,釭呂凱,43b3aaa766b3cd,7,name
name_0FB67D,0xFB67D,吨悝,caa4d1a766b5be,7,name
name_0FB68F,0xFB68F,呂蒙,40a766bb58,5,name
name_0FB697,0xFB697,呂範,73a766bd64,5,name
name_0FB6B5,0xFB6B5,馬宋忠,71b0a8a7baa9be,7,name
name_0FB6BD,0xFB6BD,馬宋果,71b0a8a7baaa47,7,name
name_0FB6C5,0xFB6C5,馬宋憲,71b0a8a7babecb,7,name
name_0FB6CD,0xFB6CD,馬宋謙,71b0a8a7bac1be,7,name
name_0FB6D5,0xFB6D5,馬宋寶,71b0a8a7bac45f,7,name
name_0FB6E0,0xFB6E0,岑昏,a7c2a9fc,4,name
name_0FB6E7,0xFB6E7,岑壁,40a7c2bec0,5,name
name_0FB6EF,0xFB6EF,岑威,40a7c2abc2,5,name
name_0FB6F7,0xFB6F7,李別,75a7f5a74f,5,name
name_0FB6FF,0xFB6FF,李孚,77a7f5a7b7,5,name
name_0FB71D,0xFB71D,李珪,e2a462a7f5af5e,7,name
name_0FB725,0xFB725,釭李異,43b3aaa7f5b2a7,7,name
name_0FB72D,0xFB72D,吨悝麚,caa4d1a7f5b371,7,name
name_0FB73F,0xFB73F,李肅,40a7f5b5c2,5,name
name_0FB747,0xFB747,李蒙,73a7f5bb58,5,name
name_0FB765,0xFB765,馬李豐,71b0a8a7f5c2d7,7,name
name_0FB76D,0xFB76D,馬李嚴,71b0a8a7f5c459,7,name
name_0FB775,0xFB775,馬李傕,71b0a8a7f5d852,7,name
name_0FB77D,0xFB77D,馬李伏,71b0a8a7f5a5f1,7,name
name_0FB785,0xFB785,馬李輔,71b0a8a7f5bbb2,7,name
name_0FB790,0xFB790,李勝,a7f5b3d3,4,name
name_0FB797,0xFB797,李歆,40a7f5ddf5,5,name
name_0FB79F,0xFB79F,李鵬,40a7f5c450,5,name
name_0FB7A7,0xFB7A7,杜襲,75a7f9c5a7,5,name
name_0FB7AF,0xFB7AF,杜預,77a7f9b977,5,name
name_0FB7C7,0xFB7C7,摩可,f9a846bcafa569,7,name
name_0FB7CF,0xFB7CF,沈瑩,62a848bcfc,5,name
name_0FB7D5,0xFB7D5,釭車冑,43b3aaa8aeab60,7,name
name_0FB7EF,0xFB7EF,辛毘,40a8afcf69,5,name
name_0FB7F7,0xFB7F7,辛敞,73a8afb4af,5,name
name_0FB7FF,0xFB7FF,爸溯,aaa8b7b944ba61,7,name
name_0FB807,0xFB807,嬤楹,c0a8b7ad73,5,name
name_0FB815,0xFB815,馬朵思大王,71b0a8a6b7abe4a46aa4fd,11,name
name_0FB821,0xFB821,典韋,f5c459a8e5adb3,7,name
name_0FB829,0xFB829,典滿,f5d852a8e5baa1,7,name
name_0FB831,0xFB831,鶗顐蘅,f5a5f1a8f4c174,7,name
name_0FB83C,0xFB83C,卑衍,a8f5ad6c,4,name
name_0FB843,0xFB843,和洽,40a94daca2,5,name
name_0FB84B,0xFB84B,周昕,40a950a9fd,5,name
name_0FB853,0xFB853,周倉,75a950addc,5,name
name_0FB85B,0xFB85B,周泰,77a950aef5,5,name
name_0FB87B,0xFB87B,周群,62a950b873,5,name
name_0FB881,0xFB881,釭周平,43b3aaa950a5ad,7,name
name_0FB889,0xFB889,吨悕,caa4d1a950a4d3,7,name
name_0FB89B,0xFB89B,孟坦,40a973a95a,5,name
name_0FB8A3,0xFB8A3,孟達,73a973b946,5,name
name_0FB8C1,0xFB8C1,馬尚舉,71b0a8a97cc17c,7,name
name_0FB8C9,0xFB8C9,王武安國,6aa4fdaa5aa677b0ea,9,name
name_0FB8E1,0xFB8E1,沮鵠,f4c174aa71c35b,7,name
name_0FB8EC,0xFB8EC,金旋,aaf7b1db,4,name
name_0FB8F3,0xFB8F3,金環三結,40aaf7c0f4a454b5b2,9,name
name_0FB8FD,0xFB8FD,昕金禕,50a9fdaaf7e2fc,7,name
name_0FB905,0xFB905,倉阿會喃,50addcaafcb77cb3e4,9,name
name_0FB915,0xFB915,善昌稀,50b5bda9f7b57d,7,name
name_0FB91D,0xFB91D,瑜昌奇,50b7eca9f7a95f,7,name
name_0FB925,0xFB925,魴慮,50e8dbbc7b,5,name
name_0FB92B,0xFB92B,宗預,62a976b977,5,name
name_0FB931,0xFB931,釭羌王迷,43b3aaaacaa4fdb067,9,name
name_0FB94B,0xFB94B,封諝,40abcaeba5,5,name
name_0FB953,0xFB953,侯覽,73ab4ac4fd,5,name
name_0FB971,0xFB971,馬姜維,71b0a8abb8bafb,7,name
name_0FB979,0xFB979,王柳甫,6aa4fdac68a86a,7,name
name_0FB983,0xFB983,閉茖,b3acd3a86ab743,7,name
name_0FB993,0xFB993,紀靈,74acf6c646,5,name
name_0FB99C,0xFB99C,胡才,ad4aa47e,4,name
name_0FB9A3,0xFB9A3,胡赤兒,40ad4aa8aaa8e0,7,name
name_0FB9AB,0xFB9AB,車兒,b2ad4aa8aea8e0,7,name
name_0FB9C1,0xFB9C1,寶胡遵,76c45fad4abfed,7,name
name_0FB9C9,0xFB9C9,胡烈,f7b57dad4aaf50,7,name
name_0FB9D1,0xFB9D1,胡淵,f7a95fad4ab257,7,name
name_0FB9DB,0xFB9DB,胡奮,62ad4abec4,5,name
name_0FB9E1,0xFB9E1,釭范疆,43b3aaad53c3a6,7,name
name_0FB9F3,0xFB9F3,戙玷臚狺,d1afacbfc4a4d2a448,9,name
name_0FB9FD,0xFB9FD,抔平,caeba5ad65a677,7,name
name_0FBA05,0xFBA05,覽卻正,4ac4fdab6fa5bf,7,name
name_0FBA0D,0xFBA0D,成俄何燒戈,4aa6a8ab58a6f3bf4ea4e0,11,name
name_0FBA21,0xFBA21,馬韋晃,71b0a8adb3aecc,7,name
name_0FBA29,0xFBA29,王倫直,6aa4fdaddbaabd,7,name
name_0FBA43,0xFBA43,夏惲,74ae4cd940,5,name
name_0FBA4C,0xFBA4C,夏恂,ae4ccecb,4,name
name_0FBA53,0xFBA53,夏侯玄,40ae4cab4aa5c8,7,name
name_0FBA5B,0xFBA5B,侯存,b2ae4cab4aa673,7,name
name_0FBA6B,0xFBA6B,夏侯尚,7cae4cab4aa97c,7,name
name_0FBA73,0xFBA73,夏侯威,5fae4cab4aabc2,7,name
name_0FBA7B,0xFBA7B,夏侯恩,7dae4cab4aaea6,7,name
name_0FBA83,0xFBA83,夏侯惇,5fae4cab4ab1ac,7,name
name_0FBA8B,0xFBA8B,夏侯淵,62ae4cab4ab257,7,name
name_0FBA93,0xFBA93,侯惠,aaae4cab4ab466,7,name
name_0FBA9B,0xFBA9B,侯德,d1ae4cab4abc77,7,name
name_0FBAA3,0xFBAA3,侯蘭,d1ae4cab4ac4f5,7,name
name_0FBAAB,0xFBAAB,夏侯霸,48ae4cab4ac551,7,name
name_0FBAB3,0xFBAB3,夏侯楙,77ae4cab4addd5,7,name
name_0FBAC1,0xFBAC1,何孫仲,58a6f3ae5da5f2,7,name
name_0FBAD1,0xFBAD1,馬孫匡,71b0a8ae5da64a,7,name
name_0FBAD9,0xFBAD9,王孫秀,6aa4fdae5da871,7,name
name_0FBAF3,0xFBAF3,孫朗,74ae5daed4,5,name
name_0FBAFC,0xFBAFC,孫桓,ae5daed9,4,name
name_0FBB03,0xFBB03,孫乾,40ae5db0ae,5,name
name_0FBB1B,0xFBB1B,孫皓,7cae5db571,5,name
name_0FBB23,0xFBB23,孫策,5fae5db5a6,5,name
name_0FBB2B,0xFBB2B,孫瑜,7dae5db7ec,5,name
name_0FBB33,0xFBB33,孫韶,5fae5dbbe0,5,name
name_0FBB3B,0xFBB3B,孫冀,62ae5dbeac,5,name
name_0FBB5B,0xFBB5B,孫觀,48ae5dc65b,5,name
name_0FBB63,0xFBB63,孫翊,77ae5dd6f6,5,name
name_0FBB71,0xFBB71,何孫皎,58a6f3ae5db2ae,7,name
name_0FBB81,0xFBB81,馬孫琳,71b0a8ae5db559,7,name
name_0FBB89,0xFBB89,王孫歆,6aa4fdae5dddf5,7,name
name_0FBBA3,0xFBBA3,徐商,74ae7db0d3,5,name
name_0FBBAC,0xFBBAC,徐庶,ae7db166,4,name
name_0FBBB3,0xFBBB3,徐盛,40ae7db2b1,5,name
name_0FBBCB,0xFBBCB,宴明,7cae62a9fa,5,name
name_0FBBD3,0xFBBD3,桓楷,5faed9b7a2,5,name
name_0FBBDB,0xFBBDB,桓範,7daed9bd64,5,name
name_0FBBE3,0xFBBE3,祖茂,5fafaaad5a,5,name
name_0FBBEB,0xFBBEB,祖弼,62afaab45d,5,name
name_0FBBF3,0xFBBF3,狗釣,aaafb3a87d,5,name
name_0FBC03,0xFBC03,戙陬,d1afb3b558,5,name
name_0FBC0B,0xFBC0B,秦宓,48afb3cc57,5,name
name_0FBC13,0xFBC13,秦明,77afb3a9fa,5,name
name_0FBC1B,0xFBC1B,膳晡,bfafd5aa5a,5,name
name_0FBC21,0xFBC21,何耿紀,58a6f3afd5acf6,7,name
name_0FBC31,0xFBC31,馬荀爽,71b0a8affbb26e,7,name
name_0FBC39,0xFBC39,王荀諶,6aa4fdaffbbfdb,7,name
name_0FBC53,0xFBC53,荀正,74affba5bf,5,name
name_0FBC5C,0xFBC5C,荀顗,affbf3aa,4,name
name_0FBC63,0xFBC63,袁尚,40b04ba97c,5,name
name_0FBC7B,0xFBC7B,袁術,7cb04bb34e,5,name
name_0FBC83,0xFBC83,袁熙,5fb04bbab3,5,name
name_0FBC8B,0xFBC8B,袁譚,7db04bc3d3,5,name
name_0FBC93,0xFBC93,袁遺,5fb04bbff2,5,name
name_0FBC9B,0xFBC9B,郝昭,62b071ac4c,5,name
name_0FBCB3,0xFBCB3,扆豕,d1b0a8a87d,5,name
name_0FBCBB,0xFBCBB,馬岱,48b0a8a9a7,5,name
name_0FBCC3,0xFBCC3,馬延,77b0a8a9b5,5,name
name_0FBCD1,0xFBCD1,何馬玩,58a6f3b0a8aab1,7,name
name_0FBCE1,0xFBCE1,馬馬漢,71b0a8b0a8ba7e,7,name
name_0FBCE9,0xFBCE9,王馬遵,6aa4fdb0a8bfed,7,name
name_0FBD03,0xFBD03,馬謖,74b0a8eea2,5,name
name_0FBD0C,0xFBD0C,馬元義,b0a8a4b8b871,6,name
name_0FBD13,0xFBD13,馬邈,40b0a8c2e4,5,name
name_0FBD1B,0xFBD1B,盒邑,b2b0a8b676,5,name
name_0FBD2B,0xFBD2B,高定,7cb0aaa977,5,name
name_0FBD33,0xFBD33,高順,5fb0aab6b6,5,name
name_0FBD3B,0xFBD3B,高幹,7db0aab746,5,name
name_0FBD43,0xFBD43,高覽,5fb0aac4fd,5,name
name_0FBD4B,0xFBD4B,高昇,62b0aaaa40,5,name
name_0FBD5B,0xFBD5B,悜藀,d1adf0a67b,5,name
name_0FBD63,0xFBD63,悜薽,d1adf0ab74,5,name
name_0FBD6B,0xFBD6B,烏桓觸,48af51aed9c4b2,7,name
name_0FBD73,0xFBD73,師纂,77ae76c4a1,5,name
name_0FBD81,0xFBD81,何崔琰,58a6f3b15ada7c,7,name
name_0FBD91,0xFBD91,馬崔諒,71b0a8b15abdcc,7,name
name_0FBD99,0xFBD99,王張角,6aa4fdb169a8a4,7,name
name_0FBDB3,0xFBDB3,張讓,74b169c5fd,5,name
name_0FBDBC,0xFBDBC,張武,b169aa5a,4,name
name_0FBDC3,0xFBDC3,張允,40b169a4b9,5,name
name_0FBDDB,0xFBDDB,張先,7cb169a5fd,5,name
name_0FBDE3,0xFBDE3,張承,5fb169a9d3,5,name
name_0FBDEB,0xFBDEB,張松,7db169aa51,5,name
name_0FBDF3,0xFBDF3,張虎,5fb169aaea,5,name
name_0FBDFB,0xFBDFB,張南,62b169ab6e,5,name
name_0FBE1B,0xFBE1B,張郃,48b169ada8,5,name
name_0FBE23,0xFBE23,張飛,77b169adb8,5,name
name_0FBE31,0xFBE31,何張楊,58a6f3b169b7a8,7,name
name_0FBE41,0xFBE41,馬張達,71b0a8b169b946,7,name
name_0FBE49,0xFBE49,王張衛,6aa4fdb169bdc3,7,name
name_0FBE63,0xFBE63,張橫,74b169beee,5,name
name_0FBE6C,0xFBE6C,張燕,b169bf50,4,name
name_0FBE73,0xFBE73,張遼,40b169bff1,5,name
name_0FBE8B,0xFBE8B,張繡,7cb169c2b8,5,name
name_0FBE93,0xFBE93,張邈,5fb169c2e4,5,name
name_0FBE9B,0xFBE9B,張紘,7db169d354,5,name
name_0FBEA3,0xFBEA3,張嶷,5fb169ecda,5,name
name_0FBEAB,0xFBEAB,張闓,62b169f16d,5,name
name_0FBECB,0xFBECB,張肅,48b169b5c2,5,name
name_0FBED3,0xFBED3,張紹,77b169b2d0,5,name
name_0FBEE1,0xFBEE1,何張球,58a6f3b169b279,7,name
name_0FBEF1,0xFBEF1,馬張約,71b0a8b169acf9,7,name
name_0FBEF9,0xFBEF9,王張緝,6aa4fdb169bd72,7,name
name_0FBF13,0xFBF13,張節,74b169b860,5,name
name_0FBF1C,0xFBF1C,張華,b169b5d8,4,name
name_0FBF23,0xFBF23,張悌,40b169aead,5,name
name_0FBF3B,0xFBF3B,曹休,7cb1e4a5f0,5,name
name_0FBF43,0xFBF43,曹宇,5fb1e4a674,5,name
name_0FBF4B,0xFBF4B,曹安民,7db1e4a677a5c1,7,name
name_0FBF53,0xFBF53,曹性,5fb1e4a9ca,5,name
name_0FBF5B,0xFBF5B,曹昂,62b1e4a9f9,5,name
name_0FBF7B,0xFBF7B,曹洪,48b1e4ac78,5,name
name_0FBF83,0xFBF83,曹真,77b1e4af75,5,name
name_0FBF91,0xFBF91,何曹訓,58a6f3b1e4b056,7,name
name_0FBFA1,0xFBFA1,馬曹爽,71b0a8b1e4b26e,7,name
name_0FBFA9,0xFBFA9,王曹植,6aa4fdb1e4b4d3,7,name
name_0FBFC3,0xFBFC3,曹髦,74b1e4bbec,5,name
name_0FBFCC,0xFBFCC,曹操,b1e4bede,4,name
name_0FBFD3,0xFBFD3,曹羲,40b1e4bfaa,5,name
name_0FBFEB,0xFBFEB,曹遵,7cb1e4bfed,5,name
name_0FBFF3,0xFBFF3,梁剛,5fb1e7ade8,5,name
name_0FBFFB,0xFBFFB,梁寬,7db1e7bc65,5,name
name_0FC570,0xFC570,劉備,bc42b3c6,4,name
name_0FC4B8,0xFC4B8,趙雲,bbafb6b3,4,name
name_0FC718,0xFC718,諸葛亮,bdd1b8afab47,6,name
name_0FC9A8,0xFC9A8,關羽,c3f6a6d0,4,name
panel_0FD4AE,0xFD4AE,請對,bdd0b9ef,4,panel
panel_0FDA0A,0xFDA0A,請對,bdd0b9ef,4,panel
panel_0FD086,0xFD086,君主,a767a544,4,panel
panel_0FD426,0xFD426,君主,a767a544,4,panel
panel_0FD9FC,0xFD9FC,委任,a965a5f4,4,panel
panel_0FAF6C,0xFAF6C,軍事,ad78a8c6,4,panel
panel_0FAF74,0xFAF74,內政,a4baac46,4,panel
panel_0FAF7C,0xFAF7C,外交,a57ea5e6,4,panel
panel_0FAFB4,0xFAFB4,太守,a4d3a675,4,panel
panel_0FAFAC,0xFAFAC,軍師,ad78ae76,4,panel
panel_0FAEA8,0xFAEA8,稅率,b57cb276,4,panel
ui_042E18,0x42E18,開始新遊戲,b67da96cb773b943c0b8,10,ui
ui_042E60,0x42E60,讀取舊遊戲,c5aaa8fac2c2b943c0b8,10,ui
ui_042EA8,0x42EA8,創造新角色,b3d0b379b773a8a4a6e2,10,ui
